gid,nearest_station,nearest_station_distance,parking_score
다사628508,군자,95.90618213888278,1.0055493593062725
다사636494,구의,817.0515183183305,1.6983594686579058
다사622510,군자,615.8353832671703,0.28139718470974373
다사622494,건대입구,332.95212871788476,0.51696523688213
다사630485,구의,322.8196457198692,1.6679810183196704
다사626479,구의,1015.4601146659627,4.101561395024576
다사631522,중곡,361.725990434109,1.5755549039584678
다사635513,중곡,624.8818910552471,1.0197392302728916
다사632483,구의,358.00991885457137,1.9986888670782723
다사627503,어린이대공원,528.1709869851433,0.8333917731522371
다사633482,구의,447.3978633390348,1.8869417667381772
다사633494,구의,755.5502058806467,1.1421616273405713
다사625513,군자,505.7374794004913,0.48685673130511464
다사614491,건대입구,496.6545409520324,0.5892655343665315
다사644492,광나루,643.4052943652754,0.8576182253512675
다사630524,중곡,585.2810205935976,1.1032944854124906
다사631489,구의,316.1619957352838,1.6908587007559808
다사618489,건대입구,174.6171377782325,2.3791208896873073
다사645490,강변,653.9021319713223,0.8977247609375936
다사651495,광나루,192.8320121320203,0.08066428029925111
다사629484,구의,459.360976553522,1.7967857879195788
다사631509,군자,284.07086212172317,1.0111112359869059
다사641504,아차산,405.62898433063424,0.9072846196244208
다사626517,중곡,657.8365119628702,0.23273111107511288
다사615483,건대입구,845.5497352708522,0.8518183596581386
다사627478,구의,1031.4986815483844,6.55449958520693
다사627506,군자,316.8011852956494,1.3084604624240534
다사638514,중곡,730.2032092003869,0.7957123921629156
다사628506,군자,295.5138372418922,2.187816817526153
다사642512,아차산,1008.68236285718,0.9071505323765706
다사647489,광나루,713.0081139177166,0.4900455969810336
다사640506,아차산,406.48828317457605,0.8158623621353492
다사633495,구의,855.7644276951731,1.0425948657273219
다사623510,군자,517.6215328939312,0.31266189675178846
다사642513,아차산,1096.9355737688602,0.7644436066763949
다사615489,건대입구,420.418856427974,0.886983624417211
다사626505,군자,450.02243187775287,1.3046211973846948
다사637501,아차산,225.5507747005778,0.4846599318016764
다사634477,구의,954.9070941213355,0.8467179118112151
다사638485,강변,343.20363885733127,1.8452573602618032
다사638498,아차산,535.4902385624766,0.5553804977853763
다사640498,아차산,605.1334125923743,0.5236618150576234
다사636502,아차산,160.5859782680404,0.6462748608139867
다사619483,건대입구,748.1731764487853,1.004721871108451
다사634493,구의,664.6704996822888,1.372218471558788
다사626487,건대입구,670.3870818746587,1.0564131927879277
다사634516,중곡,312.0681002791615,1.0889627025645077
다사629480,구의,754.7345493168809,2.4557034018660078
다사625480,구의,1018.9890040068924,2.3067408701938015
다사631520,중곡,192.03939312293198,1.120421683990746
다사629487,구의,391.152671024669,1.2434529148297673
다사631524,중곡,552.4236581011352,1.6148688869850218
다사624481,구의,1041.8865284305496,1.7962347174486197
다사638512,중곡,872.1578036558682,0.8957451202266418
다사636510,아차산,683.8802285632704,1.113221106550937
다사621498,어린이대공원,288.75957586692607,0.6189619255869014
다사623486,건대입구,553.7373015182495,1.4634618955995191
다사620480,건대입구,1054.0749119085779,1.2308670479154062
다사620482,건대입구,854.8564416087461,1.416058653357716
다사647501,광나루,570.1756231502611,0.1690730697867656
다사643502,아차산,611.1954438101085,0.3988899417413477
다사635495,아차산,850.797881934255,1.2774924918490538
다사621496,어린이대공원,395.8060573836009,1.7852796239787194
다사618486,건대입구,457.3618553379161,0.8736324250187407
다사635522,중곡,424.8769753994829,1.4165900122454478
다사639489,강변,507.19855918312277,6.731220543844685
다사633489,구의,254.60597660893765,2.4602467057127813
다사624508,군자,420.1242611965983,0.4896092678333608
다사624482,건대입구,962.0159409458685,1.8379318661096347
다사627484,구의,636.8059137610361,1.65049433826052
다사635482,구의,494.6757023353235,1.4925853979554722
다사621487,건대입구,401.15823726967074,0.8078961374515541
다사655501,광나루,779.7456856542717,0.2887552911619366
다사638480,강변,568.3994619663214,1.0409508695555052
다사634513,중곡,590.0711997284857,1.863206470454844
다사630510,군자,212.43150472287056,0.8733007586434136
다사639490,강변,597.3478534428388,3.5718134109689155
다사655502,광나루,850.4831190511909,0.1752278094204033
다사631494,구의,778.4489276842102,0.6847450516144221
다사624499,어린이대공원,28.76908695890715,0.7972480531143638
다사638486,강변,370.13708225450466,2.2581660966669896
다사649497,광나루,126.27558457762935,0.12159934018446722
다사625479,구의,1085.4584276721398,2.7415207318324284
다사628477,구의,1066.2220576685233,2.809477836953515
다사642501,아차산,547.0631310108537,0.4345780132413321
다사629479,구의,842.3197971567542,2.836760043617516
다사632485,구의,170.96904754118506,1.8620093634449337
다사634495,구의,862.9319786613283,1.133305921704611
다사626516,중곡,690.0536968569885,0.2444761111244711
다사621504,어린이대공원,587.9639881309697,0.4385184504567913
다사648495,광나루,144.0585705750802,0.21195371991619685
다사628510,군자,100.69369689604244,0.7498198962275141
다사635512,중곡,717.116313567822,1.1281510217301067
다사635507,아차산,425.79477955388984,0.9103538523549942
다사636523,중곡,565.564544746839,1.1219966761197273
다사622486,건대입구,518.5060326301602,1.1006010152139687
다사628479,구의,892.6368579902987,6.812099295238429
다사625496,어린이대공원,308.3763038511689,0.35064592572149833
다사647498,광나루,315.7585414838848,0.24042184144709733
다사630522,중곡,410.15751875087426,1.1513137769538078
다사619500,어린이대공원,490.6773862466221,0.2886282695072608
다사630481,구의,618.4339590728308,2.1145590798961797
다사633505,아차산,436.56496795184427,0.8127984616917578
다사628524,중곡,690.7100623608555,0.6562553285191763
다사641493,강변,848.5257098696655,1.573169885569181
다사626497,어린이대공원,287.7936778528474,0.4862179878146831
다사627521,중곡,585.5592678332287,0.5927211546113171
다사624507,군자,454.5609969790266,0.6092737686470278
다사642510,아차산,840.270778527751,0.6303213815051212
다사643506,아차산,658.6442880553184,0.48129474798664057
다사648497,광나루,174.32148976761192,0.3773438051184742
다사629519,중곡,338.7080543542675,0.8248646186774279
다사642509,아차산,761.9038099791394,0.5143502584389327
다사629523,중곡,550.1365102406352,0.8588860037192886
다사623497,어린이대공원,198.37774071870425,0.5046066341772404
다사629478,구의,932.454420797737,2.606018717803405
다사640489,강변,468.2319199918794,2.9064487752220836
다사620495,건대입구,407.07422376116193,0.7270433009511508
다사632523,중곡,436.4653170171932,4.003164981889451
다사630521,중곡,333.4691998315066,1.023222509069333
다사632517,중곡,170.69676155667005,1.0031097482185414
다사639484,강변,246.4391898238578,1.6640824246111485
다사614490,건대입구,495.9450932075967,0.68168501836186
다사651493,광나루,328.48959632219294,0.08162175607772863
다사616493,건대입구,388.69099534604607,0.4708463264805809
다사636517,중곡,398.0964431192442,0.9521216575011913
다사641491,강변,648.378063953827,1.8434398401487173
다사636505,아차산,202.05627622384299,0.7727187763603418
다사632495,구의,860.1946523752015,0.962871905877817
다사637520,중곡,480.5284720134258,1.0005018364728693
다사636509,아차산,584.9265440882084,1.1233211549428388
다사635504,아차산,213.83241336327058,0.6649548046764449
다사633522,중곡,340.35468060842334,2.595839304148441
다사631492,구의,585.920409294564,1.1271682122466136
다사622499,어린이대공원,177.7816643204578,0.5604667086197267
다사635487,구의,218.1486122721528,3.723435379139233
다사627520,중곡,553.1223917966528,0.5756391691234092
다사642492,강변,749.6564872692311,1.4466687928736535
다사637494,구의,860.0314498117948,1.795181483807361
다사633493,구의,655.3392601455358,1.2589367056142617
다사628507,군자,195.49477985665425,1.3310767639024708
다사637490,구의,542.8041630858261,3.0408744949762574
다사635510,군자,691.3696101828135,1.0717412284896446
다사627495,어린이대공원,500.6084735383794,0.21899182823808583
다사615494,건대입구,529.8369335942674,0.3787774486968589
다사640491,강변,662.1789116450858,2.138447465113827
다사633506,아차산,485.5715899316711,0.9367553750730789
다사655499,광나루,661.5415773683764,0.07502651923596235
다사647494,광나루,283.61264289768326,0.22895389203530858
다사624478,구의,1226.8553497479693,2.0298452468612154
다사620493,건대입구,210.92609370461165,0.5413883000129479
다사636518,중곡,367.63160475422825,0.9574959270425563
다사633488,구의,154.55790460322254,2.84050497261217
다사617487,건대입구,397.946165705431,1.0184594418825437
다사631525,중곡,649.9768024625428,1.2408688729044588
다사615487,건대입구,525.1594059454933,0.8359572168226139
다사632516,중곡,269.3660841031336,1.1238621370155997
다사614488,건대입구,552.1080847924613,1.4353156982287871
다사653500,광나루,567.912800209421,0.08686109030973937
다사643505,아차산,623.3892100653813,0.5424843747995889
다사636522,중곡,492.6878779343946,1.1704026618949206
다사621482,건대입구,872.7566510375225,1.7321380476405541
다사637499,아차산,426.0002698519975,0.5456376145821096
다사638509,아차산,584.7291203303074,1.096652419206206
다사635523,중곡,507.5840897609405,1.4474938649959832
다사631487,구의,195.39557523635025,1.8707820125984633
다사630487,구의,292.6251066924546,1.64239046170621
다사635508,아차산,516.4044331656586,0.9535130179224578
다사649500,광나루,425.5306187670954,0.08382286862728203
다사643486,강변,215.75222714042425,1.0055311011782642
다사632479,구의,753.0834200291312,1.160170420534075
다사647499,광나루,393.37718609049057,0.2661070632964044
다사616494,건대입구,460.49604288164164,0.4534118934683815
다사618501,어린이대공원,616.010867545642,0.2309310408802765
다사642507,아차산,624.221376873359,0.5208327571743231
다사624479,구의,1159.8283000850192,2.014473025112499
다사624510,군자,420.1568079700988,0.46803585527826286
다사615488,건대입구,465.002329869529,0.8321005033545679
다사618487,건대입구,359.8984088042807,1.0625011146388323
다사615492,건대입구,422.9266654294803,0.608155256920043
다사637496,아차산,726.6750158663035,1.3728514167274488
다사619490,건대입구,46.87580173687767,1.0442072052711884
다사631482,구의,485.0871243818135,1.8626836524832804
다사630494,어린이대공원,787.3915066347076,0.5520361339632167
다사631477,구의,966.795811461598,1.199027913126486
다사631495,어린이대공원,816.7872299174405,0.634799686818732
다사637508,아차산,476.0244644859018,1.0394950221270707
다사618485,건대입구,555.8083984864111,0.7973534773649048
다사634512,군자,658.9200526336093,1.696496164012234
다사643487,강변,293.0112445759956,1.3674224610941879
다사630519,중곡,239.61741260707896,0.9245914846169253
다사647490,광나루,618.5558291908287,0.5827632538767206
다사620486,건대입구,459.64384711378403,0.8008248837277769
다사631483,구의,394.5924160603228,1.803281352860606
다사645494,광나루,457.0889131216874,0.6726552950338298
다사644505,아차산,719.7095367613205,0.6651180326547625
다사619489,건대입구,146.89895322943943,1.324675143507293
다사650492,광나루,384.71456998987117,0.09105434611206265
다사654500,광나루,638.5057494295427,0.09403968434200068
다사630505,군자,436.1430323586677,1.470532270429829
다사641487,강변,249.54391073120536,1.8136711814744055
다사634496,아차산,786.1780848461412,1.0243605123589006
다사637492,구의,690.626546641069,1.9530387502188675
다사631511,군자,350.8707739373446,0.9775137806994462
다사636489,구의,401.9079635539365,3.6174025037656308
다사630509,군자,184.29830072354366,0.9443750153919255
다사619502,어린이대공원,572.8883412005738,0.23372020542736124
다사612484,건대입구,948.9937955976413,0.5430729038291328
다사646491,광나루,575.5180102083275,0.6657386146228731
다사616485,건대입구,621.7037340375339,0.9229774703866108
다사634490,구의,371.7061297595113,2.2348146717414483
다사638490,구의,621.8000106467507,3.7266249800558473
다사634500,아차산,442.8772393151088,0.5286219366844462
다사619491,건대입구,53.902237105705844,0.8478925652168224
다사622501,어린이대공원,280.8339707505914,0.5363998522090471
다사628505,군자,395.63703333657656,2.3188202319763866
다사630514,중곡,523.9537631785886,0.9410953334610692
다사620490,건대입구,114.92245108991527,0.8706214094971675
다사626509,군자,208.40712815509792,0.7235970955153859
다사643504,아차산,602.9145595757178,0.5189780346733065
다사654498,광나루,526.7875869652594,0.06291578988374547
다사625483,구의,859.788033652603,1.930237097938331
다사651494,광나루,249.99943610267619,0.0958604192580366
다사625509,군자,308.2091303665318,0.5582321625900724
다사637510,아차산,676.4739468880289,1.1721068253925766
다사618482,건대입구,853.6351900429628,0.6492074565111708
다사652501,광나루,593.7232297142535,0.09303942148556701
다사627513,군자,415.4259697832548,0.58449133990375
다사630520,중곡,272.5144807882957,0.9915362556549904
다사629520,중곡,362.72582722196137,0.8702930931480705
다사640510,아차산,739.5383733972538,0.8697704874833159
다사638499,아차산,437.3943847032873,0.6017526738688398
다사631504,군자,571.1708843837241,0.8495655340507711
다사623505,어린이대공원,623.7992057697971,0.5343242146376223
다사638502,아차산,159.83286646086685,0.5471473586297031
다사636482,구의,544.8441219235591,1.5417154872507641
다사623484,건대입구,739.6095891682859,1.898834550168985
다사632507,군자,430.4555606675167,1.0906116901612761
다사637485,구의,436.33923295445294,1.8901347649436933
다사628518,중곡,441.8081817473234,0.7081103593824175
다사629490,구의,525.1661662677997,0.7974163386927833
다사624489,건대입구,392.94345297559937,0.6050499822988175
다사639498,아차산,562.5901179718455,0.5189521850556055
다사614485,건대입구,737.4223150631577,1.2311105898546804
다사632494,구의,760.5648955043254,1.048328437746761
다사634521,중곡,284.9384744651027,1.4968342861539339
다사614487,건대입구,603.6467138357016,0.7647158117841575
다사631515,중곡,391.83751538098676,1.2885529039930226
다사625484,구의,824.4481518025781,2.4582086911505012
다사633516,중곡,273.8829023116242,1.1228678899578475
다사639492,강변,785.0114662409737,1.9717976583769738
다사627486,구의,588.8581006124722,1.5345951200078671
다사641500,아차산,514.7900142419157,0.4246317288034458
다사635492,구의,593.9083665384585,1.7115423525992863
다사624498,어린이대공원,85.61814233988768,0.7972363024070961
다사631517,중곡,215.8790718453327,1.0606300300457667
다사622507,군자,639.806066521009,0.3932453581475294
다사635479,구의,777.2099979708579,0.9996010518421173
다사636500,아차산,340.8991708271601,0.3732340460021173
다사620505,어린이대공원,724.5159903081885,0.3423043678195125
다사632480,구의,653.650105440478,1.636078984233543
다사619482,건대입구,848.3960314569209,0.9800500503351319
다사625512,군자,430.6286973092316,0.5149231572041452
다사621492,건대입구,109.33593972576051,0.5991492443965416
다사642504,아차산,504.0435897352267,0.6090696746701969
다사634487,구의,123.91544887823827,3.5662574221512586
다사634523,중곡,464.04832666468764,2.3905550590100897
다사628487,구의,490.19618760674086,1.1684898648643154
다사625504,어린이대공원,533.0664074076533,0.7904735350104386
다사636491,구의,551.0689311649353,2.1677505452343846
다사637503,아차산,25.107334788819372,0.731815087236573
다사639483,강변,285.8306784683873,2.1775159070815406
다사632520,중곡,139.33768316849273,1.2414819949621512
다사637495,아차산,826.8999901206241,1.7141533083975924
다사635496,아차산,753.7563041371325,1.1227876876940526
다사644507,아차산,792.7608003990515,0.40404131950516614
다사643514,중곡,1158.5745724920105,0.31186481009057787
다사627479,구의,950.7993636903419,7.071775693876565
다사624495,어린이대공원,383.8999542080907,0.4203168801413624
다사650498,광나루,237.44102836965092,0.08171556936940512
다사630523,중곡,495.32472366422286,1.1528794198744643
다사635516,중곡,373.74062892129245,1.0333726283922913
다사625488,건대입구,530.9490852919218,0.6084236608796867
다사623482,건대입구,931.5472333671061,2.0302871654549617
다사627480,구의,874.150748850663,3.636470310828709
다사636508,아차산,486.49353275072815,1.002512127224827
다사626483,구의,769.5308606368048,1.7171642994537177
다사631490,구의,401.2269629659611,1.425505405831142
다사635503,아차산,201.7723482604148,0.5534672981194371
다사643490,강변,569.4877060604541,1.6022874360580983
다사634504,아차산,309.2665439066656,0.7208675186557962
다사626507,군자,289.1074118809348,0.9975810792613086
다사636479,강변,774.6254163838681,0.5207626312252055
다사618492,건대입구,180.59107769930435,0.7074687594425688
다사638503,아차산,102.3275487675898,0.6408114912490682
다사638482,강변,425.0784200092156,1.9368458979196053
다사629524,중곡,632.3422377268113,0.8359661514264607
다사624512,군자,506.8717541498463,0.4010326138952846
다사623511,군자,545.9669524036068,0.3527800573212859
다사611484,건대입구,1024.1831666534797,0.42462345899327114
다사640502,아차산,324.02007348501144,0.5915661784649077
다사632522,중곡,336.72401632279315,2.2911019339122727
다사625514,군자,588.3788458393802,0.2689649164293515
다사625489,건대입구,481.6899134753905,0.5797260835404341
다사624503,어린이대공원,419.18572882336207,0.6204235810725538
다사642494,광나루,742.346815045387,1.1548230851625496
다사617484,건대입구,676.4560573443314,0.7851465423285301
다사626518,중곡,639.8543552402691,0.48449319193711615
다사642485,강변,74.71201499324528,1.2293739398523695
다사640504,아차산,308.1083553978851,2.1568835443309182
다사612483,건대입구,1020.0574582089281,0.4838488594845706
다사612486,건대입구,825.2294040074094,0.5371785832246356
다사617488,건대입구,314.3206527309481,1.3431689648605143
다사626514,군자,542.8021504237054,0.48148601342889386
다사650495,광나루,108.56373171620142,0.10680564735258583
다사628520,중곡,456.94285591333113,0.6641156287870913
다사643513,아차산,1145.7400476509797,0.38674130787095623
다사653498,광나루,438.5680451412833,0.06787142803932099
다사614492,건대입구,517.1653352426284,0.535698101805541
다사652498,광나루,356.5104530039861,0.07711469947076616
다사627512,군자,319.7622155799433,0.6119356912735335
다사633524,중곡,538.6748017804086,3.4908065381257276
다사630513,군자,444.06959217382774,0.978873051414018
다사633481,구의,547.5946424077054,1.4383935540732251
다사633519,중곡,70.86492762478935,1.068962546620854
다사622500,어린이대공원,212.58412354038887,0.5974890253311308
다사630482,구의,531.7549172796486,2.0532800712258847
다사631518,중곡,152.55255125681126,0.9724329244436186
다사630525,중곡,678.1231853738402,0.9614148028224563
다사634507,아차산,480.85386383198176,0.9746787461793416
다사641508,아차산,620.8879736654618,0.6744478883851448
다사624511,군자,454.62113721375704,0.43100538181596004
다사619481,건대입구,948.6193632081214,1.1735321201198547
다사634505,아차산,347.48713964727074,0.7626344103289724
다사632505,아차산,529.4823301859755,0.9544849191626996
다사633491,구의,454.9358971319563,1.630466614512779
다사636493,구의,725.385657821859,1.6629540919069243
다사638492,구의,754.297953136023,2.006173656306885
다사621502,어린이대공원,421.78403784442366,0.4676498585055476
다사634488,구의,190.26747703706076,10.0
다사632521,중곡,237.39011301409738,1.593955906111077
다사632486,구의,99.47517174728353,2.0264435665007667
다사650496,광나루,80.99380289945248,0.09428773345216912
다사626495,어린이대공원,443.03277111533765,0.2591142374199264
다사630495,어린이대공원,730.1553523622914,0.5113227259167146
다사628523,중곡,616.3397059094598,0.669020298668561
다사641489,강변,448.5006691701289,2.088611744089777
다사621493,건대입구,205.98508208357364,0.5197164478367968
다사645492,광나루,565.544329926409,0.7529035991155452
다사638520,중곡,577.0345199692817,0.8966794795946793
다사620498,어린이대공원,385.4535098352266,0.5143952647564172
다사633514,중곡,471.29786831584624,1.1542185354335157
다사638504,아차산,124.44022130789314,0.6520569806329872
다사617490,건대입구,199.85086320403465,1.4665943707286893
다사632484,구의,262.0222818979717,2.0521637269148054
다사628484,구의,546.1745799497891,1.7757493849100485
다사640500,아차산,442.04925768073053,0.4650989569173214
다사635494,구의,784.4827722289848,1.3920869801512485
다사624509,군자,408.0111261039292,0.49555353592266294
다사627510,군자,147.83786352816432,0.7017997760551937
다사616489,건대입구,328.7514358851767,1.0906751721020755
다사621486,건대입구,492.13832899990666,0.7826571674657351
다사641507,아차산,547.8367220967042,0.6239261581216003
다사631513,군자,495.22311019426604,1.3205179999884011
다사637506,아차산,275.5750836548369,0.8449253167196474
다사638489,강변,561.4094651752524,7.137817310588979
다사644504,아차산,702.0491118906788,0.5047136311579402
다사631505,군자,486.77320496472635,1.1264474181744837
다사626488,건대입구,615.9932831761387,0.677463964610551
다사618498,어린이대공원,581.9979951201797,0.3200584793747169
다사636492,구의,636.306223921695,1.8532004687577577
다사654499,광나루,576.6734912775743,0.07566413235407335
다사622498,어린이대공원,195.21951775430352,0.6267331821872146
다사648499,광나루,346.9634204109266,0.0861846249058345
다사618490,건대입구,105.39643526035634,1.2454514492277982
다사640511,아차산,832.2037582074566,1.0441262498584918
다사637502,아차산,125.32650037499538,0.6483213288015564
다사633504,아차산,406.8024157872991,0.7388537263318081
다사627481,구의,802.7140374871809,2.3944883805811368
다사620485,건대입구,557.6863314574455,0.7873568834853455
다사634509,군자,583.449130448585,1.0792990455294829
다사631516,중곡,300.0420355684226,1.1602936981167076
다사621503,어린이대공원,501.75364240095973,0.4534761875575586
다사632488,구의,177.46979678944885,2.1359714128042278
다사643493,광나루,680.0880437492729,0.8945689851087594
다사632478,구의,852.7021904550747,1.141248720179211
다사631486,구의,193.45578514523874,1.830759160109703
다사621497,어린이대공원,331.62816661197525,2.7453810826535188
다사625508,군자,324.0731666002303,0.6528269736740895
다사627477,구의,1115.3698225532064,3.7606704179924044
다사615481,건대입구,1027.1689582156032,0.4374909896125213
다사640501,아차산,374.37045343159775,0.5202209691788418
다사638507,아차산,388.6759025343293,0.7498541736819262
다사630516,중곡,356.9499213069834,1.2432263126189322
다사620496,어린이대공원,471.0162357080088,0.9898951476564538
다사630508,군자,207.11005334924744,1.0546975533024991
다사647493,광나루,354.7459213163617,0.23445357104476838
다사626482,구의,819.6266544067123,1.8804029339872597
다사628478,구의,978.1461607748548,4.114398423488282
다사614482,건대입구,981.6165149539809,0.6052782263197374
다사623496,어린이대공원,293.32130768221145,0.5739724772089148
다사638511,아차산,783.011715981913,0.9660481245615687
다사625486,건대입구,664.7862637860204,1.4288019605372313
다사644487,강변,357.11172333271463,1.0819270628450124
다사622508,군자,615.8156859670851,0.3333894676785046
다사626515,군자,636.5093503441932,0.2513183380590549
다사635514,중곡,535.5267959682402,0.8657476457555424
다사623506,군자,590.1189595110574,0.5016632143977366
다사625481,구의,958.4087704259304,1.9843981770132257
다사628511,군자,200.72597838593603,0.699900493578358
다사635493,구의,688.4948367754587,1.4998298356740942
다사632477,구의,952.4482315668348,1.087845203792982
다사625507,군자,367.6193108868649,0.7822036995632553
다사632492,구의,561.9407689381667,1.268227432555627
다사639485,강변,244.65395672233944,1.7267852685375413
다사624506,군자,506.79088748037884,0.6878407696765613
다사632506,군자,484.14793573299517,1.0203199199461934
다사626520,중곡,650.3943730429246,0.5100043483760678
다사630511,군자,276.366435412589,0.8618387480171468
다사643492,광나루,726.6507641625825,1.1470740856874453
다사618500,어린이대공원,588.0448954128689,0.2029807594506061
다사630486,구의,291.33471645712643,1.9426956146283516
다사619494,건대입구,342.1033079006853,0.5532297260618976
다사627488,구의,606.9155644316602,0.8640699074115127
다사634480,구의,657.2311433105094,1.3176341734808177
다사637493,구의,773.475607483607,1.7719375272090954
다사637484,강변,443.30698208634175,1.6930765956299139
다사628513,군자,401.0788100278807,0.6532620323926704
다사617496,건대입구,587.818335250019,0.4307858348679358
다사643507,아차산,706.4704734141285,0.45838657421007867
다사634503,아차산,301.055345615199,0.614473643055341
다사625516,군자,766.353704740123,0.13096086712084318
다사634510,군자,592.9394159831185,1.0775119944460694
다사622483,건대입구,807.799035604896,2.015380194512632
다사618497,어린이대공원,604.4163647608698,0.44188918726903703
다사633492,구의,555.1333729628589,1.4018365025834405
다사634511,군자,618.7337096146065,1.2181635455900104
다사626489,건대입구,574.0790177107427,0.6678426182875679
다사648498,광나루,255.6183437314203,0.11913840064958897
다사640508,아차산,562.0452217656614,0.7681791775427778
다사638495,아차산,832.8254973944452,1.6332304630710792
다사628496,어린이대공원,508.0262050395723,0.2572849676509323
다사622503,어린이대공원,454.4107852215346,0.5004026616106431
다사642508,아차산,689.224100919171,0.5055960892708913
다사611485,건대입구,963.9048151319231,0.43884669707799606
다사623481,건대입구,1028.734383706758,1.6929816621600111
다사649491,광나루,477.61677397661003,0.1052093446098056
다사651497,광나루,216.38755228924745,0.06590906016314901
다사635518,중곡,270.06491610890333,1.0092906876470022
다사632487,구의,103.20053643237921,1.9902347525523425
다사643503,아차산,598.7385774927528,0.40495361145538694
다사620481,건대입구,954.4011993764489,1.2921562920435867
다사639497,아차산,657.292150208431,0.9647317265689765
다사634508,아차산,562.6651126682842,1.023291171658453
다사634497,아차산,694.5911718380366,0.2519062372996925
다사633517,중곡,177.74106126822323,1.029087461301599
다사625485,건대입구,743.0295296158198,2.0348173932893356
다사617493,건대입구,319.89091684567603,0.5387743240199238
다사625482,구의,904.9012829089824,1.83405318572285
다사638506,아차산,292.88972820981115,0.7365269544653354
다사641494,광나루,839.6250515391622,1.4365381673668656
다사616496,건대입구,627.9160103324498,0.3885892212334063
다사620497,어린이대공원,418.53354613754567,0.8179250570675907
다사626513,군자,451.9005793260129,0.5312556672460022
다사622495,어린이대공원,422.094714861496,0.6289482819581413
다사620494,건대입구,308.30925945115666,0.5903481944192769
다사630512,군자,356.18065040177424,0.8953810227330105
다사615482,건대입구,935.398387127614,0.6091057075146069
다사638493,구의,830.8222637582526,1.8289282818216936
다사633503,아차산,400.59640651806933,0.6115354720980675
다사635488,구의,261.60320133383175,6.665355668586788
다사618499,어린이대공원,576.3802752904732,0.231736633258202
다사642493,광나루,772.3282660887484,1.2063331640784298
다사624514,군자,646.2708539472433,0.17045215783716447
다사631485,구의,238.24566169606138,2.0561257491275655
다사646490,광나루,660.9846864059217,0.6962760700006205
다사620503,어린이대공원,562.9788107539557,0.26115602585174175
다사629483,구의,520.1251561242502,1.9943862322583508
다사614489,건대입구,515.1188217130476,0.8095418981567377
다사620504,어린이대공원,641.0064672336784,0.39572353647614666
다사634524,중곡,559.0627620417688,2.04175604983304
다사637486,구의,413.5946330636045,2.3689435068818443
다사632504,아차산,505.2242339514623,0.8152432954887904
다사630506,군자,347.88217184428527,1.5104184256957307
다사651499,광나루,369.89661360299954,0.17684855151991694
다사622488,건대입구,329.863802631476,0.7655593202316152
다사621483,건대입구,775.6887013076806,1.6911591214558568
다사644488,강변,432.3496769178431,1.3057917881381984
다사626519,중곡,637.3133088723966,0.4976387962607245
다사614486,건대입구,666.3673635494978,0.8421072930064295
다사637514,중곡,656.6124253954908,0.7119888734451387
다사638496,아차산,733.4112196057761,1.280341279431342
다사633523,중곡,439.2732325724721,8.69498547119984
다사625510,군자,324.11772661585536,0.5155630601837353
다사626512,군자,365.90168019931394,0.5606813099506867
다사641490,강변,548.3871028334202,2.0026715400367894
다사650497,광나루,146.36957295151876,0.07093791249959779
다사634506,아차산,407.35594143478954,0.8855141559162956
다사635498,아차산,563.029282344139,0.3668918382254796
다사631521,중곡,271.6936702279588,1.3312038823437575
다사620483,건대입구,755.4916080657393,1.4037189742459428
다사622497,어린이대공원,254.37185110626845,0.6845416471078289
다사631484,구의,310.14029660566734,2.0672759232981255
다사629516,중곡,429.7931496707694,0.8566620887388642
다사619495,건대입구,433.2305573536621,0.5908299463032519
다사623507,군자,545.9196981443935,0.4696384800423002
다사646492,광나루,495.6121337850122,0.6262586608581799
다사644501,아차산,733.5439811598154,0.32197600368067947
다사647502,광나루,663.6359690879567,0.17281506356555348
다사625506,군자,430.5281623144616,1.142208074401323
다사638488,강변,485.48675966957387,4.084655508982009
다사621505,어린이대공원,678.0387646617816,0.3866285789320819
다사630483,구의,450.72852357005473,2.912035035979097
다사613485,건대입구,807.6577668584788,0.765209195463034
다사626511,군자,289.21255446432997,0.5975445587756504
다사623480,건대입구,1124.1023679204443,1.6289407698964276
다사638491,구의,683.9263645492048,2.55023842583965
다사642505,아차산,528.3629033669872,0.6158732819208009
다사644494,광나루,550.5077767227588,0.7487693870176281
다사636506,아차산,293.291299862323,0.8094591428948892
다사636520,중곡,385.703635930666,1.0334413716253523
다사641501,아차산,457.99036201795553,0.46736503805176177
다사621485,건대입구,584.7571735573906,1.3785018392038442
다사617492,건대입구,247.87806557976978,0.6997287312115533
다사630489,구의,383.93608373470704,1.3881267486269575
다사630517,중곡,289.8120895353398,1.084885670489309
다사653499,광나루,497.38152249211515,0.07979966860861004
다사635490,구의,412.79711916630015,2.6072246436525486
다사631510,군자,303.08131829763767,0.9601238491346443
다사631512,군자,417.674860373506,1.07061433325779
다사636483,구의,466.1034879727423,1.4107268233849186
다사632489,구의,269.12977302621204,1.883169717480563
다사629481,구의,670.6981701086463,2.1607107816678917
다사633496,아차산,829.4120427320935,0.9526861469664673
다사637491,구의,612.9891014921076,2.418024623222993
다사634482,구의,460.9489804357734,1.7626684924316387
다사615486,건대입구,596.1943715504593,0.8555042132905595
다사630504,군자,528.6865913350625,1.0184668236694088
다사637500,아차산,325.7754568712241,0.4350930357168621
다사641512,아차산,963.2804249916281,2.141334641992897
다사622509,군자,607.6150927995325,0.30734323569427907
다사628512,군자,300.886332735347,0.6720758907857823
다사627516,중곡,599.251688415244,0.2893706850351892
다사619496,건대입구,527.6673090107575,0.5933343875755476
다사615485,건대입구,674.6800405020238,1.0866971755489823
다사631507,군자,344.4447432188486,1.055033768966546
다사638508,아차산,486.254608249562,0.9142046821143531
다사621481,건대입구,970.4666568806199,1.5176846838742426
다사629513,군자,411.18191288911095,0.7928232641250537
다사642506,아차산,569.5303530618376,0.5748504452540174
다사643494,광나루,645.8392372820063,0.8395698759925859
다사635489,구의,330.71707879571164,3.7254636993491035
다사646499,광나루,457.1964312216453,0.27520364583457896
다사619501,어린이대공원,523.8679907993325,0.25729427721257325
다사652500,광나루,507.2290444635136,0.10460563406062572
다사635517,중곡,310.2637206225458,0.9802138994012735
다사646494,광나루,367.0459268664873,0.25223902117293584
다사619485,건대입구,547.7299097894448,0.7838169672918981
다사623513,군자,647.0282117734579,0.16013736641800247
다사618481,건대입구,953.3082750148309,0.820632769074694
다사636511,아차산,783.1572404759663,0.9109733691483118
다사635491,구의,501.5169507379303,2.0018865965411665
다사639512,아차산,899.227498380823,0.9962200412696215
다사637511,아차산,776.6986867564458,0.928201878753522
다사617489,건대입구,243.56494284161735,1.5291265499732216
다사631481,구의,578.7970655466312,1.8141900608027257
다사621491,건대입구,39.609385789139324,0.6804411605119349
다사634517,중곡,232.3085887110546,1.02346684588894
다사635497,아차산,657.6702933276912,0.8876702317775753
다사625505,군자,505.3684721972417,1.0169296264982746
다사635499,아차산,470.70567338767495,0.3726168400659548
다사634514,중곡,494.46421525313,1.038248273732272
다사637521,중곡,517.5426665616666,1.3492496398747165
다사633510,군자,495.05886878357904,1.1406370681910931
다사613486,건대입구,743.3465400590547,0.663979926923552
다사648494,광나루,214.640480853793,0.20801785567589529
다사632509,군자,383.85876592943276,1.0811824210864405
다사627509,군자,108.6051268489833,0.7877104618442893
다사624488,건대입구,451.9812726195259,0.6326756884596789
다사647492,광나루,437.42813368187524,0.24299252247195985
다사639508,아차산,515.9541863963677,0.876282174271048
다사615484,건대입구,758.3064657696701,1.356759071697646
다사621495,건대입구,404.5380278278301,0.8121538574528748
다사644491,강변,696.8927744462512,1.0184559464951684
다사633497,아차산,743.1719280922722,0.21881728907215
다사636496,아차산,733.5816905985273,1.2130606202841143
다사639493,강변,880.9582556659814,1.8540068211713612
다사632524,중곡,536.3867875913094,2.7721305203786994
다사637498,아차산,526.2251476641966,0.5106604993732459
다사613490,건대입구,595.3797133378798,0.533011652309494
다사625495,어린이대공원,402.32840871044027,0.3086992557670056
다사628480,구의,810.5068859935019,3.483494103990223
다사649494,광나루,177.83681286792924,0.09977906818655805
다사624497,어린이대공원,184.1828291117492,0.49583444461169024
다사653502,광나루,730.1153431348296,0.07778122969814316
다사616481,건대입구,993.1743850135257,0.43155273909813446
다사638487,강변,419.88611324690874,2.7870462506405356
다사620484,건대입구,656.3884082179837,1.0763772553823479
다사620501,어린이대공원,435.11701573808466,0.30991343698571255
다사623509,군자,507.8131137696621,0.34980299484884547
다사631506,군자,409.57313974356424,1.0816537934543455
다사619484,건대입구,647.951012288681,0.7532055539626588
다사639486,강변,281.192141261077,2.0511985544271316
다사653497,광나루,396.71855486351694,0.05716021964471074
다사624480,구의,1097.8704469994666,1.8984693725081625
다사641510,아차산,785.191394566305,0.7300197927141904
다사617498,어린이대공원,680.9380277555234,0.26955051724135604
다사636480,강변,706.197279520301,0.9406942785579542
다사613489,건대입구,611.4439122890682,0.6457554381293299
다사628489,구의,549.6059684273376,0.7278276921194786
다사634481,구의,558.7202082491874,1.3665547385914265
다사635480,구의,681.3085938640977,1.229265592213487
다사618488,건대입구,264.507013951524,2.023063247593128
다사622506,군자,677.9119716079115,0.41125836370997304
다사628522,중곡,550.2351967697359,0.7373623098366131
다사629509,군자,84.59535228671243,0.906785917575601
다사615491,건대입구,397.5825987595593,0.7477447149657183
다사637509,아차산,576.2492036174244,1.6785280161329759
다사642514,중곡,1068.004440327765,0.48897567704728423
다사645493,광나루,504.32157456130295,0.7036595167927808
다사627504,군자,508.7779337349198,1.0671074830991574
다사632481,구의,554.5020151837111,1.6471129822173634
다사627508,군자,147.7298172069075,0.9079682237958194
다사615493,건대입구,468.7771878622286,0.5155772059144885
다사629512,군자,314.2263151862342,0.7827137002444134
다사620502,어린이대공원,493.04257463203095,0.2813788915249395
다사629477,구의,1024.4657474484757,2.129516229873502
다사629505,군자,404.2452838331134,2.8047855731556415
다사618491,건대입구,108.70024142426864,0.8217844228993711
다사627517,중곡,561.8524003788398,0.6147553699134736
다사648493,광나루,302.45389528427876,0.20936579884813955
다사627487,구의,589.4956475747734,1.1378296679463566
다사643509,아차산,830.6305304532148,0.4492261332978445
다사636524,중곡,645.813497764763,1.0347543343655727
다사635521,중곡,351.41029878936064,1.3011156723790152
다사627515,군자,611.1548879414989,0.32242253224045986
다사619493,건대입구,254.14926946878418,0.5491293184257525
다사626503,어린이대공원,473.94907530935774,0.7944337546735483
다사642487,강변,253.1864622493741,1.5351213818706528
다사622480,건대입구,1092.172660569565,1.510704723685746
다사629511,군자,220.21750716542064,0.7908104501400054
다사632525,중곡,636.4035612539171,1.5736750914646085
다사636514,중곡,590.7655652651302,0.7522837121854624
다사645501,광나루,673.4866120406356,0.29469491031218786
다사636481,구의,629.7205438765927,1.4036980422727934
다사637483,강변,466.357650752835,1.5453435616925868
다사633500,아차산,515.7379630096511,0.5193761147529405
다사628482,구의,661.3877003293212,2.002639489358873
다사632490,구의,365.3166562941954,1.6307773516900022
다사652494,광나루,328.3566937221987,0.03916923945542942
다사632493,구의,661.1150831272978,1.1475841816819592
다사640487,강변,283.48178136340215,2.1594942481337376
다사652499,광나루,426.7850087247547,0.10430592217184334
다사639501,아차산,300.78606713588056,0.513038475168308
다사631488,구의,242.94825816098256,2.7653232888122554
다사639494,아차산,948.2350428559379,2.180774527212336
다사640484,강변,150.72934005993022,1.4895844052184086
다사651498,광나루,285.9693608968154,0.08484846283089441
다사637504,아차산,75.1271085312075,0.6479156382012865
다사649501,광나루,525.6425822992535,0.07554180068907335
다사620491,건대입구,60.252918325948635,0.7613458909993829
다사627519,중곡,537.6792967537395,0.5577630098348282
다사644489,강변,516.1529444172446,1.6479799380949562
다사638494,구의,911.9517303297387,1.757574705135393
다사632510,군자,398.1335582035645,0.9932533300832438
다사629514,군자,509.4044623211943,0.727839702060689
다사645491,광나루,636.7344025188445,0.8027623083651486
다사629506,군자,306.944236555476,3.161784470917769
다사617483,건대입구,772.9921827994092,0.7208735408417265
다사641502,아차산,417.8416779800518,0.5649314383461538
다사630479,구의,801.3274466556276,1.91119611492298
다사632508,군자,395.3160368047566,1.9525458887627867
다사633478,구의,848.2253402025618,0.9856112987038689
다사650500,광나루,431.9224329289183,0.1054555700998826
다사647495,광나루,234.77169863064233,0.22893193673122544
다사649499,광나루,325.4882418393592,0.09038837382152665
다사633515,중곡,372.18513275356213,1.2556055003673454
다사636512,중곡,759.2557901921424,0.9014434544089579
다사617486,건대입구,487.8677328988167,0.8890120860059874
다사623479,건대입구,1218.1487307852547,1.617333777419164
다사629485,구의,414.2281917578784,1.6512434984508748
다사640490,강변,564.6378966874804,2.557625035559347
다사633477,구의,948.4419352143989,0.9477647483639317
다사627518,중곡,540.6880828310486,0.6231880670940613
다사631478,구의,868.6983356324631,1.378161921180084
다사638513,중곡,798.0494830956704,0.8817037485765618
다사638505,아차산,201.46925399440605,0.7601633385582217
다사641503,아차산,399.3973435156595,0.7002705604005613
다사627482,구의,738.0042706941974,1.8859112329709147
다사648502,광나루,637.2227905420631,0.16146515172959466
다사622502,어린이대공원,364.1887417034445,0.509557634854555
다사639491,강변,690.2815867344971,2.4650241558598016
다사627496,어린이대공원,428.76350669818936,0.25214981965475847
다사629510,군자,135.339945607756,0.826994244231654
다사640512,아차산,926.444371679346,1.087798841576751
다사632518,중곡,76.20131265337908,0.9841739896257468
다사633479,구의,748.0110781212481,1.1753300685896282
다사632491,구의,463.2189476508421,1.4355676537053998
다사627511,군자,228.05036858471718,0.6478594800613187
다사629482,구의,591.7246131677783,2.078759519034445
다사623483,건대입구,835.0785722257956,1.9331129581453301
다사638484,강변,344.47959520867977,1.7521493559323602
다사633487,구의,55.15630650537982,2.5852332158296814
다사627505,군자,411.78146776152084,1.332495371670311
다사644490,강변,604.9724212063577,2.0208745308910743
다사631508,군자,299.373039603113,1.0795846642663751
다사654502,광나루,786.2788795511786,0.1037429041588134
다사628514,군자,501.28414003932073,0.6146967932741123
다사621500,어린이대공원,300.768843283388,0.39345609487367983
다사653501,광나루,646.3370871080599,0.08614827482468375
다사630490,구의,456.5422491087981,1.2456742975156647
다사631514,중곡,486.9682011633851,1.949276020775978
다사629518,중곡,343.4620808946155,0.8178545058185676
다사635506,아차산,340.6154240703806,0.8719115762065883
다사633480,구의,647.8002245621664,1.4070735350182884
다사642489,강변,450.53916781193914,1.752410533910641
다사637488,구의,438.9398205447331,3.549333563530985
다사616483,건대입구,803.9124231626455,0.7916367272781586
다사649492,광나루,377.53188421253327,0.1027038784665127
다사612485,건대입구,883.6013491520437,0.5536508647208656
다사631491,구의,492.03440094346695,1.177853890993611
다사622487,건대입구,422.8288803532202,0.7905053454532133
다사652497,광나루,303.55245190236684,0.06164759301910294
다사627514,군자,512.8348144958708,0.5410195659265836
다사632482,구의,455.8252974553193,1.6578582602822678
다사619499,어린이대공원,476.6350149545583,0.28068711714176064
다사640494,광나루,937.4340591354888,2.37042866188208
다사639509,아차산,609.6507735983067,1.9301251901652847
다사619503,어린이대공원,634.0776192641198,0.20987198424120412
다사629507,군자,212.3800747324652,1.4300388645395465
다사626484,구의,729.8340916760092,1.8154903170988774
다사637507,아차산,375.79974507889193,0.9353981007137288
다사631480,구의,674.3832430948855,1.6802061868927305
다사641488,강변,348.80858664245744,2.000650514143331
다사621501,어린이대공원,352.330571076916,0.49327050043550824
다사625515,군자,675.794991256324,0.21112262833215498
다사636490,구의,471.7609889298303,2.764237878682988
다사648496,광나루,124.60078954474888,0.23421109044852229
다사616492,건대입구,331.9560406561693,0.6758442986249158
다사622505,어린이대공원,643.7938910660295,0.446270797382498
다사626481,구의,878.3439713530508,2.23835183617456
다사614483,건대입구,896.4119706600851,0.904132047912556
다사628519,중곡,438.1217355268313,0.7183938669170672
다사633490,구의,354.7539728798137,1.9173448805075077
다사631519,중곡,141.52998123007546,1.0088292059668575
다사650493,광나루,287.2433232445343,0.09035887591287009
다사635483,구의,406.3258093159032,1.6285469091411031
다사649498,광나루,225.60806225024626,0.09698987558455809
다사649493,광나루,277.54827162217265,0.10033474774593108
다사644502,아차산,709.1723512502526,0.3579943078432353
다사642490,강변,550.0562187659363,1.731345211096321
다사628488,구의,511.01316141419727,0.8348463476759342
다사624513,군자,572.0555255521168,0.3311558541226722
다사649495,광나루,79.42909521577947,0.11613000225668815
다사643512,아차산,1061.5516826476546,0.5136804502090602
다사617495,건대입구,494.3416205755401,0.454765236599496
다사653504,광나루,907.7291740091038,0.05362651196867816
다사628525,중곡,770.9578678701691,0.6202382965879614
다사633511,군자,525.6774610408065,1.1251540534354518
다사633486,구의,47.8166222549122,2.3023368477028057
다사639506,아차산,339.9236536983577,0.843644970625578
다사634515,중곡,401.11804920135836,1.1608935804615013
다사632513,군자,559.0514649330363,1.4127696403963903
다사626506,군자,365.1279884127149,1.6367582065732884
다사632519,중곡,50.65417034556484,1.0594917068222183
다사629504,군자,502.6964897506128,1.2938107758290476
다사646501,광나루,615.9397285395156,0.17933482592075256
다사621484,건대입구,679.5379982805382,1.5100941408930553
다사616482,건대입구,897.9366355721043,0.6686336718778464
다사612487,건대입구,775.4649507969642,0.5297851622646058
다사651500,광나루,460.3896737710804,0.16804673292473238
다사639488,강변,421.6235755707715,3.829464086837545
다사629489,구의,463.4397003523793,0.8320198951193594
다사630515,중곡,436.9501224194212,1.0263884468376228
다사655503,광나루,926.6767689343966,0.07937639709118112
다사628516,중곡,511.8124004307394,0.715003682624801
다사650494,광나루,192.61963637308193,0.09062517320324226
다사619487,건대입구,347.2945131132406,0.9607392342687217
다사620488,건대입구,268.4392542505754,0.9337105698173233
다사630484,구의,378.99773381623385,1.9126152306570892
다사623498,어린이대공원,112.9606841081882,0.9033891419779798
다사645506,아차산,844.0794547640522,0.36924234631621816
다사644486,강변,297.02102734838445,0.8993526508493105
다사620500,어린이대공원,394.5284039707161,0.32752606406245127
다사633499,아차산,584.2389741013922,0.4801818544377359
다사624487,건대입구,523.6980894708711,0.9693704309621662
다사633512,군자,572.4336473930791,1.542386732802333
다사631479,구의,771.148282698039,1.5035805787138221
다사634483,구의,364.5131559962607,1.5941485675160876
다사629517,중곡,375.89785812695686,0.8301537739795797
다사635500,아차산,382.3817203365197,0.5447322328317818
다사636499,아차산,437.67517568689334,0.4023597470288187
다사636507,아차산,388.9766863606627,0.9327402556895621
다사621506,군자,768.6415046804965,0.3513761793057775
다사632514,중곡,468.68902845304245,1.6865064868994737
다사617497,건대입구,683.2109232244511,0.37866904981382543
다사630493,구의,715.5719039286224,0.5886392583783867
다사623495,어린이대공원,390.91061633128754,0.5178386936379636
다사630480,구의,708.6945888253258,2.003846974777569
다사616484,건대입구,711.5829520582205,0.9074383968192173
다사641499,아차산,583.3973245281868,0.4287655991220349
다사619498,어린이대공원,483.4124546662887,0.39695805525288436
다사635524,중곡,595.6951239794284,1.3485485317474928
다사621480,건대입구,1068.642620859126,1.304565712330735
다사642511,아차산,922.8773205646404,0.7242470663049876
다사625511,군자,367.6978461767564,0.5488339300777607
다사632512,군자,491.02528806933145,1.2099144130931112
다사636504,아차산,125.39429139485848,0.677815479646886
다사615490,건대입구,396.69501711021377,0.8574676772582714
다사616486,건대입구,535.5099258266022,0.9081851701294291
다사639502,아차산,235.17504591239768,0.5744700310891427
다사639507,아차산,425.2450990323867,0.7814049316861308
다사633509,군자,483.65252138121747,1.1411386655266402
다사640503,아차산,299.8580528367086,0.8115256779698641
다사635515,중곡,450.7665828942381,1.0833300079086516
다사637513,중곡,731.318570003902,0.7637973985618922
다사634499,아차산,521.0461008635564,0.49846769537255287
다사636515,중곡,515.1759378532357,1.0101297143361663
다사639500,아차산,381.7424443171497,0.4713874967890074
다사629486,구의,390.1892271854563,1.566662837079904
다사629488,구의,416.94522750857396,0.8740820750315689
다사638510,아차산,683.7124749079528,1.0496736436590581
다사624483,건대입구,868.9369317748166,1.941464070894763
다사633521,중곡,242.5109452488973,1.7872780172649225
다사618495,건대입구,464.2688825698721,0.5059920658479394
다사622504,어린이대공원,548.1193997019752,0.4983287733039478
다사656507,광나루,1313.8780074574656,0.020233643028334348
다사643501,아차산,639.3136432519931,0.3725093342535314
다사630477,구의,991.0356304505584,1.5048576646689444
다사644493,광나루,590.3130628426019,0.794838690612583
다사633508,군자,492.79431398999117,1.114523727223176
다사636521,중곡,430.9400834083386,1.2856963692086374
다사624496,어린이대공원,283.91233561184737,0.3836377122537191
다사631476,구의,1065.2894964791922,1.0834519989225044
다사645488,강변,498.51896208432936,0.9201718597155827
다사648500,광나루,442.17259630674727,0.07588943882120021
다사645489,강변,572.7211374221586,0.9301185555820238
다사634498,아차산,605.7457539654336,0.34612245422872434
다사616495,건대입구,541.4079336690737,0.4165018051189264
다사637489,구의,483.3292861953784,3.649211617561042
다사635519,중곡,264.0009397993455,1.0000949015282448
다사637497,아차산,626.4500665517528,0.8625390753571065
다사640482,강변,291.1045691885938,1.4804061334243142
다사641506,아차산,484.6011764196905,0.6933383812098974
다사638500,아차산,340.54074094652526,0.48065915081352495
다사625497,어린이대공원,220.03136983891653,0.4050535959108455
다사639511,아차산,801.7947122954085,1.4648501756989074
다사637479,강변,708.7065589153513,0.24927437300336017
다사622496,어린이대공원,333.7506029383311,0.7525720878000819
다사650499,광나루,333.8001753863743,0.10939042911826367
다사630507,군자,268.166524886667,1.2115582815994754
다사651501,광나루,554.2417406015569,0.09360106950234881
다사648492,광나루,396.20240942295374,0.212498323695694
다사628521,중곡,495.71444957617604,0.7130290796708868
다사634494,구의,763.6584304352016,1.2451042437969437
다사627507,군자,226.38908558181305,1.1387798145843038
다사641492,강변,748.4316527299476,1.62473379587729
다사639504,아차산,212.71481455919286,1.0490180242438787
다사642503,아차산,499.04166196882,0.568694395422481
다사623487,건대입구,465.36170099751894,0.6784033477474948
다사629522,중곡,474.9037290493551,0.9045517770491526
다사630478,구의,895.5967510850122,1.7831126611725017
다사624485,건대입구,688.8216574071738,2.119620395616211
다사628517,중곡,467.47002657884116,0.6984783452292227
다사622481,건대입구,996.3183979143467,1.7928849984371003
다사620499,어린이대공원,376.9197820288968,0.39253713230567155
다사629525,중곡,719.1335896598985,0.7692897415685778
다사621494,건대입구,304.9514931864104,0.5655099271147223
다사633507,군자,521.4045609424005,0.9977546433646515
다사618484,건대입구,654.7947779340545,0.7496069576299242
다사635505,아차산,266.13261032117464,0.7016313573245965
다사639510,아차산,705.1449601979774,1.0370848881422694
다사623508,군자,517.5966034900398,0.39110084116372673
다사618493,건대입구,271.1099111409256,0.5487882122083688
다사652502,광나루,683.9761284653143,0.07994576637225252
다사617494,건대입구,404.11248751676214,0.4853491660296103
다사632515,중곡,368.8749894650235,1.322565487406969
다사627483,구의,681.939114030156,1.8073750843433194
다사619488,건대입구,247.08570456786993,1.2639833568541337
다사637505,아차산,175.3506059336405,0.819515299742291
다사640492,강변,760.4183004342095,1.8066411326938845
다사634522,중곡,371.78008802103096,1.9004530456150392
다사655500,광나루,716.083262491501,0.11098306805741553
다사640509,아차산,649.1231891537976,0.8311915557326452
다사616490,건대입구,297.8140562029343,1.8280233388213745
다사644506,아차산,750.4536832879796,0.42796260902541894
다사642502,아차산,513.9214793713369,0.4742785427178678
다사654497,광나루,492.4917664199086,0.053413143287106814
다사640493,강변,859.116515364287,1.7935353257381281
다사638483,강변,373.6761033986873,1.9610802679402788
다사634489,구의,277.73821973618266,3.2198685709737624
다사627485,구의,605.0559841989331,1.676754765232868
다사638501,아차산,246.39852230746897,0.4949951133420214
다사628504,군자,495.8012914601001,1.3898815517601026
다사614484,건대입구,814.6336520120709,2.53541516010635
다사635481,구의,586.8540076763924,1.3757360190055214
다사624504,어린이대공원,519.2917701132473,0.6721304069522017
다사640485,강변,147.79497017637817,1.5495493085916683
다사636501,아차산,246.8906912220734,0.6322882401902339
다사651502,광나루,649.9994318930455,0.07620165831181405
다사628483,구의,598.1848356575708,1.9356543428625455
다사628486,구의,489.42852733902595,1.5344095708385919
다사619480,건대입구,1048.8430394296881,1.1066084574570536
다사618483,건대입구,754.1084484903581,0.7027666202938645
다사656503,광나루,991.8359750868716,0.07388239931613612
다사626504,군자,540.1962153657528,0.9291618237741022
다사626496,어린이대공원,359.8702355185408,0.2710179850396079
다사619492,건대입구,153.95981412965222,0.5835508051208612
다사641505,아차산,435.4785452767462,0.8886636418051106
다사633520,중곡,147.89094611313544,1.2830663290390025
다사645487,강변,434.88270871542613,0.7107978545703523
다사622482,건대입구,901.4154093644576,4.188857589177853
다사654503,광나루,868.1256048789319,0.07622286827872582
다사628485,구의,508.80094678028405,1.6441317372938913
다사634519,중곡,165.52558694250448,1.0345629117018706
다사640488,강변,373.8401393917921,2.6164885058511693
다사646493,광나루,424.4195656179659,0.5973981011623878
다사637512,중곡,811.5441016620475,0.8651398676981809
다사649496,광나루,32.89652450251336,0.1270349991165036
다사627489,구의,639.7483919105928,0.8171205841321364
다사634491,구의,468.2760811615775,1.8232172790856147
다사633513,중곡,570.7990682463131,1.6985839437594625
다사632511,군자,435.61805941745223,1.049786106270633
다사630488,구의,326.3021952139119,1.4482772598682254
다사625487,건대입구,593.1937255454781,0.9049059870175
다사618496,건대입구,562.7638418630058,0.49472582151603284
다사617491,건대입구,201.61081800269622,0.9674276100985024
다사654501,광나루,709.1663994370799,0.11510244374507841
다사640507,아차산,480.1236973835548,0.7635772832006936
다사618494,건대입구,366.7125209022048,0.5168148410858097
다사636488,구의,347.2631820299968,4.897605267816818
다사636498,아차산,535.7209785546985,0.42484157892396246
다사635520,중곡,294.1902089083035,1.1113663639314948
다사636495,아차산,832.9764928834685,1.6675110515514942
다사622479,건대입구,1188.7481065713287,1.3631212398462846
다사626510,군자,231.2871139593883,0.64849203629668
다사629508,군자,126.82994773614335,1.0668500247409085
다사638481,강변,491.7719994614734,1.3327194221878533
다사640499,아차산,520.3383002310379,0.4552524872403074
다사626508,군자,231.2213589427467,0.8212238309356469
다사636516,중곡,449.3311974393329,0.979103662588279
다사625503,어린이대공원,436.13272718829137,0.7164198335784951
다사639503,아차산,200.5802001129349,0.7803877690176724
다사626480,구의,944.0755228751046,2.8926903075035426
다사626485,구의,702.301937264715,1.7378094194635751
다사613483,건대입구,955.0263752602851,0.6344614807788592
다사630492,구의,625.0991530094627,0.6364094976903156
다사635509,아차산,610.0294179656489,1.0281704076223648
다사626486,구의,688.3955007089535,1.5063152647288642
다사641509,아차산,700.6915842637995,0.6973354486170672
다사619497,어린이대공원,510.18065244842563,0.555132687582864
다사613484,건대입구,878.719616769986,0.8124711545649398
다사623501,어린이대공원,231.34278973129557,0.5720000385098883
다사623500,어린이대공원,140.8651999309765,0.6515668659341677
다사640505,아차산,346.4631571226053,1.6126752597339284
다사628515,중곡,570.4959256117826,0.39477153588074293
다사629515,중곡,498.23193947754976,0.507030484642651
다사642488,강변,351.4247936807401,1.6834719541436165
다사639499,아차산,470.1833879148329,0.4855872825617226
다사617482,건대입구,870.3626627138535,0.6476005185433567
다사638497,아차산,634.2521966431176,0.9060491102267574
다사629521,중곡,410.49583522329374,0.8500653152129622
다사643488,강변,381.11982570811244,1.4940148402149807
다사642491,강변,649.7909530015985,1.5535335121005147
다사631523,중곡,456.0305301458407,1.7759822875773346
다사628481,구의,732.8932109245419,2.297785743493639
다사631493,구의,681.614032672409,1.0445025811048794
다사630518,중곡,246.29007900698727,0.9174757116653312
다사643489,강변,474.0666731489629,1.6607523452032202
다사641511,아차산,873.0248313459476,0.8800455756209227
다사639505,아차산,265.2410600999199,1.0201492689688496
다사636513,중곡,672.8236415989146,0.8171467290020056
다사616491,건대입구,298.99662861522944,0.9647845821870084
다사625478,구의,1156.8023185542418,3.021599871162583
다사634492,구의,566.1180383498249,1.544123767633263
다사616487,건대입구,455.10035340372673,0.9494867370690813
다사616488,건대입구,384.12481919396896,0.9520002410515682
다사624486,건대입구,603.5912696630548,1.4884379130182532
다사617485,건대입구,581.1702022389517,0.8318606269757798
다사620492,건대입구,118.38532636512217,0.6367656020097662
다사624505,군자,571.9600642063741,0.7085411488072734
다사621507,군자,735.2524411685836,0.3393423211019987
다사636497,아차산,634.4481667131126,0.7946198851115156
다사621499,어린이대공원,277.2669852848236,0.45196287739758106
다사635511,군자,713.6153936942019,1.1087224285679278
다사634520,중곡,210.35531809178613,1.206901112393508
다사624475,구의,1451.0797391728581,1.2214297699244527
다사629496,어린이대공원,593.518350874348,0.25201623152312375
다사634484,구의,270.84293764505287,1.7610530158182542
다사628502,어린이대공원,528.547089240732,0.6889572190278134
다사610476,건대입구,1702.7020740770224,0.0
다사652490,광나루,640.2961660246638,0.06574004298331483
다사651506,광나루,1041.4708282114748,0.041367730308087304
다사639514,중곡,809.4285064160117,0.6547598034461085
다사641523,중곡,964.2535873570968,0.4269277552949491
다사644495,광나루,527.0087891128885,0.7005639178255822
다사643516,중곡,1093.251885564992,0.24414616838553238
다사630503,군자,623.6091053350551,0.7548721046080183
다사629471,구의,1597.4285638951296,0.6493286903178696
다사616479,건대입구,1186.118093395251,0.2223342267707844
다사645518,중곡,1261.5688360659929,0.11955382311957359
다사646508,아차산,1016.0469064634965,0.26755607787244867
다사655495,광나루,581.366213817113,0.03826299439917511
다사629497,어린이대공원,552.7973373198834,0.38388867805788407
다사658508,광나루,1507.289750570494,0.016090422506569627
다사625492,건대입구,450.4669174921901,0.4680888520667111
다사645516,중곡,1287.745508650139,0.12636043347094758
다사635486,구의,216.40596501913825,2.4048910284828846
다사615475,건대입구,1599.2514014450305,0.0
다사622493,건대입구,245.54182378200886,0.45756108869192214
다사627502,어린이대공원,452.88521727376605,0.7174234681571339
다사617474,건대입구,1661.5929263264152,0.0
다사647518,중곡,1460.9351097746473,0.057635254253221094
다사644520,중곡,1167.7651863444703,0.10617789818435337
다사640496,아차산,785.7008236399456,1.2218555174383254
다사630502,어린이대공원,698.3113700117954,0.609962997808667
다사648504,광나루,834.8350157031451,0.15965068745811126
다사634473,구의,1353.8724361471593,0.2852309069403955
다사632503,아차산,500.24149621071365,0.6453123690706315
다사654495,광나루,482.6018330110554,0.04044224313648165
다사619473,건대입구,1750.4136691246408,0.28373295828667733
다사636519,중곡,363.20128322764606,0.9887778148610874
다사613481,건대입구,1119.01750989186,0.24917893317913542
다사640521,중곡,796.114957864612,0.5423256184924526
다사629500,어린이대공원,534.8717734171137,0.4924553317474509
다사655510,광나루,1539.1912998760276,0.013336127557579833
다사633525,중곡,638.3337740057883,1.65583211576606
다사639487,강변,344.0532667482956,2.5776687860957903
다사632500,아차산,596.4494671313598,0.43558872327849385
다사643481,강변,389.06170351715684,0.24259897160307733
다사625500,어린이대공원,170.02253960647712,0.5937574723180824
다사617499,어린이대공원,676.1422699950613,0.2466768477965216
다사649505,광나루,926.3348508900907,0.05452539427991936
다사612479,건대입구,1342.0620400563537,0.13079345466149775
다사619486,건대입구,447.5105719302407,0.8389501601731818
다사612488,건대입구,736.0559061822809,0.526113410926369
다사623485,건대입구,645.5839268165151,1.712576564669268
다사648486,강변,673.885287459387,0.08730154265665885
다사646485,강변,460.554954432246,0.5399069727497704
다사616476,건대입구,1479.2814376679687,0.15683878523426814
다사640516,중곡,806.2093945390254,0.4756377407268484
다사632475,구의,1152.1898921152433,0.8434922388065642
다사626493,건대입구,575.2769694463113,0.3079348280067179
다사642524,중곡,1099.4308980118096,0.055038416540535574
다사644510,아차산,972.0476925886707,0.39668909063907903
다사626491,건대입구,538.5861062515088,0.6005376062259407
다사647526,중곡,1634.322700901136,0.0
다사649509,광나루,1327.152337856048,0.07035364623216592
다사642515,중곡,1028.124554369029,0.4006511828546471
다사621489,건대입구,202.65299885364377,0.8041014614154754
다사655505,광나루,1090.7871855500039,0.040526916463127505
다사655504,광나루,1007.088983132817,0.053257654662051714
다사623499,어린이대공원,79.09832325391498,1.0253161514432132
다사622491,건대입구,139.38541881528175,0.6308580568690667
다사643520,중곡,1068.6855256055983,0.11495629741294036
다사626478,구의,1091.3890671927043,7.991288674361714
다사620473,건대입구,1753.552104276249,0.31237149378368684
다사642516,중곡,996.7631157987202,0.2664541890394623
다사625477,구의,1232.1742642672773,2.550207506578626
다사643517,중곡,1073.2133962365413,0.17503102882616858
다사623476,구의,1439.546558349898,1.305639244370212
다사628494,어린이대공원,641.6545839926702,0.4017659100391181
다사640515,중곡,844.6765119491096,0.5286594003596747
다사645522,중곡,1303.5223022496036,0.03783518553214479
다사641522,중곡,923.3955767836876,0.4328127719624164
다사648526,중곡,1724.0317658958102,0.0
다사659505,광나루,1345.1332382260607,0.022263532913632797
다사624518,중곡,838.6394568754596,0.10500053989747007
다사650489,광나루,681.9355838546201,0.08422101793975197
다사647517,중곡,1468.8945772571244,0.06273772848071536
다사638515,중곡,670.5225372957582,0.607853371817098
다사639523,중곡,791.2354705807925,0.5892493113908491
다사624491,건대입구,338.98349059040544,0.4994932226208376
다사646511,아차산,1187.0268490366873,0.2639499038033432
다사629493,구의,761.1895481416809,0.5889090193090339
다사641521,중곡,891.9774270405663,0.4785173573366809
다사645495,광나루,428.49790160908265,0.6350667431760392
다사618478,건대입구,1252.8561416438095,0.5044539227622161
다사621508,군자,714.4736067382826,0.2891769292906166
다사625498,어린이대공원,147.7217520883871,0.5936843223974605
다사652509,광나루,1355.5655237341934,0.013861478108493669
다사652506,광나루,1063.0091493637424,0.041639869152256294
다사642486,강변,157.47237254872024,1.4165324065771836
다사617479,건대입구,1165.381827451679,0.2258816674080012
다사634501,아차산,375.3418959586914,0.5751951844773945
다사615473,건대입구,1794.204436851132,0.0
다사639518,중곡,664.3284425943472,0.7793016716008836
다사633483,구의,347.21749509951076,1.965009388457302
다사614480,건대입구,1159.2560214606635,0.27713113105666215
다사624519,중곡,836.7014140244634,0.03398770545514153
다사648491,광나루,492.5083924417893,0.11662459746994434
다사654492,광나루,607.5486264067525,0.016595219090242985
다사638521,중곡,608.2042190349383,0.7420115790775421
다사644512,아차산,1120.8321817916726,0.3980799548201749
다사637475,강변,1052.8457547017167,0.11122085588778469
다사618479,건대입구,1152.9416268737473,0.6292073641529704
다사648488,강변,743.5266569135593,0.1068067674193347
다사641498,아차산,660.1410602546711,0.4899786905378215
다사617475,건대입구,1562.0996793582501,0.06718330622887358
다사621472,건대입구,1861.9280402077025,0.3145186457823173
다사611480,건대입구,1314.9931702783351,0.16732566168120108
다사623494,건대입구,385.5382282573088,0.4592542323446475
다사645484,강변,362.58718919655524,0.5619728094288593
다사641486,강변,151.54886760766075,1.6023050035914517
다사640486,강변,202.6266314045281,1.8160690281422092
다사652493,광나루,391.4372396774078,0.08699917113587759
다사645509,아차산,984.1794820812521,0.3441929694907779
다사644513,아차산,1200.872098317662,0.29149764060945327
다사648508,아차산,1196.0509285156074,0.16820801142542827
다사645523,중곡,1332.7786279089453,0.03750792761295937
다사640522,중곡,831.1642189579729,0.5012517957646487
다사622484,건대입구,713.6156952527497,1.6472769492367292
다사643521,중곡,1085.8342042727286,0.10927583069616645
다사623514,군자,713.4866644136549,0.15513290527635792
다사653494,광나루,416.00183914778296,0.037522210489955236
다사624502,어린이대공원,319.1542012605943,0.5911998356087684
다사649488,광나루,778.0882498764219,0.08753299676119236
다사614477,건대입구,1437.0128804723793,0.10297177852747728
다사645497,광나루,439.5921165325024,0.3890761764832553
다사618473,건대입구,1752.9609213697263,0.0
다사657510,광나루,1624.5178829960419,0.01310039207528508
다사623488,건대입구,382.86830415901255,0.6503977428883237
다사635501,아차산,301.59212658869774,0.6040627741428137
다사630496,어린이대공원,682.9043663130005,0.17361446192326557
다사648524,중곡,1648.5068034885137,0.0
다사636484,구의,397.16493686350884,1.586957932878744
다사639517,중곡,681.6581771743804,0.8020186853703998
다사645513,아차산,1261.5023889567601,0.2365924805781745
다사625473,구의,1561.8588054791342,0.8798656430038172
다사619477,건대입구,1349.5154016113988,0.8103451763815551
다사610480,건대입구,1377.495183645607,0.12392376745737861
다사640520,중곡,772.5632850810642,0.5506647936880489
다사649507,광나루,1126.7363095640756,0.03915085759896347
다사619478,건대입구,1249.2911084316277,0.9440395994359467
다사626473,구의,1514.0467876439443,0.9174214720202589
다사653495,광나루,384.3740398729002,0.04261430744310457
다사614478,건대입구,1343.3311890062482,0.11959197081350273
다사613478,건대입구,1383.1353885499825,0.11724241142188435
다사624472,구의,1699.088834581563,0.7156206957433993
다사637480,강변,633.194901859928,0.687514153410888
다사624517,중곡,852.4394146456086,0.10995029164553012
다사641513,중곡,1030.813746969573,1.0252599927858845
다사613475,건대입구,1659.7404498072583,0.0
다사645499,광나루,532.1959305423253,0.2909305828974037
다사610478,건대입구,1535.6312499420342,0.09855521128821493
다사622514,군자,787.6428579090006,0.02200592979433342
다사651496,광나루,178.7702610103854,0.0554300143187233
다사646502,광나루,703.344492904151,0.1764214421473057
다사637517,중곡,490.52919460641,0.9022394132081362
다사626522,중곡,719.0074856622247,0.4597648336457496
다사650501,광나루,530.8309765503027,0.08466501504237392
다사638479,강변,651.4648256872689,0.24536829059897625
다사640479,강변,573.107537725352,0.23466323696218297
다사640514,중곡,892.7895738886864,0.6361299028844121
다사650488,광나루,781.5967573494519,0.07402976261681532
다사645507,아차산,881.9069129144245,0.34738219122400926
다사617476,건대입구,1462.7063855336812,0.1598331085805071
다사627525,중곡,831.5766903026727,0.4910197842928814
다사632476,구의,1052.2853564363056,0.9212965892024331
다사637478,강변,789.7369301403596,0.2040639115992435
다사643483,강변,221.74403023892242,0.6469268830475139
다사623477,구의,1368.2619460953201,1.451953543951574
다사648519,중곡,1559.6061576357286,0.0
다사649520,중곡,1664.4589740330628,0.0
다사623490,건대입구,258.67293697315336,0.6142701845514721
다사649519,중곡,1659.3860954888794,0.0
다사647486,강변,576.8577768057615,0.4176420597607273
다사626477,구의,1170.9787174165426,3.8141808975531237
다사648507,광나루,1133.1239584746456,0.17806336706330425
다사660508,광나루,1631.3779458564875,0.014210942805700375
다사640519,중곡,761.5766396509088,0.5335835754660913
다사609479,건대입구,1518.5488738812721,0.10024313991902063
다사643510,아차산,903.0533629698585,0.4658366226094698
다사608480,건대입구,1514.5387053958023,0.09836809332861783
다사639513,중곡,871.1257302327407,0.8600284094711382
다사633476,구의,1048.6601987065505,0.8951574211525903
다사635477,구의,971.6347055109251,0.7717817345706792
다사624494,건대입구,454.25018985942415,0.4123757398930427
다사618476,건대입구,1452.813579475603,0.37256506587321875
다사631497,어린이대공원,744.1075189458661,0.42212702471063307
다사630501,어린이대공원,658.6857685736205,0.5120709222060075
다사639520,중곡,674.5005370637168,0.6230563658589614
다사649511,아차산,1426.9549467851984,0.07160726130088584
다사617473,건대입구,1761.1691892598333,0.0
다사631502,아차산,612.3784507173702,0.5417052931924092
다사625502,어린이대공원,341.1066032669249,0.6288167967976468
다사642520,중곡,969.7540478520962,0.12497368876506568
다사630491,구의,538.0937091832898,1.1351780596964474
다사624492,건대입구,353.9739420717964,0.49744805270867093
다사647514,아차산,1468.2170374641928,0.11175429855066643
다사611476,건대입구,1652.5450983750195,0.08400651803659248
다사620506,어린이대공원,811.817417688056,0.3077939954538799
다사635475,강변,1150.6390030693844,0.39901848024512443
다사646514,아차산,1402.328122514063,0.1508187714412017
다사645505,아차산,816.8662638794345,0.3662707567490793
다사655506,광나루,1177.0706085446448,0.03286629676983573
다사641517,중곡,876.5731901145934,0.3359269030309264
다사641484,강변,68.02481758927989,1.3038981955912439
다사639522,중곡,740.897727976307,0.5997069980414572
다사623502,어린이대공원,327.5453876108439,0.5513626868343833
다사628491,구의,666.4844966106153,0.7110425886989037
다사645485,강변,361.3822328561456,0.6003224081775527
다사640523,중곡,876.3325957948433,0.4944791930769736
다사642497,광나루,731.6988277129814,0.8291341254529302
다사628509,군자,8.803467341044437,0.8395525837926456
다사627473,구의,1471.45960849945,0.926343813505577
다사626523,중곡,770.7697990481134,0.463173222002453
다사641481,강변,357.48328748943953,0.8506603046334296
다사624476,구의,1373.0948262445102,1.5611916068855314
다사617477,건대입구,1363.4349011543388,0.17809653483269577
다사658507,광나루,1426.906308911628,0.018437244330957888
다사613491,건대입구,595.9701409532214,0.4616397487401475
다사636478,강변,849.3907824406407,0.4856331191561132
다사644509,아차산,905.1616920896425,0.3923820439469289
다사652505,광나루,966.5981945133855,0.046659765607205306
다사630497,어린이대공원,647.8271222639103,0.33208858835702837
다사648520,중곡,1565.0022776874375,0.0
다사632474,구의,1252.1457069388005,0.7432013299309463
다사641479,강변,557.0966330824664,0.2077623746634455
다사629491,구의,597.4217542986037,0.7289878565143059
다사647520,중곡,1465.5925580221822,0.0
다사622474,구의,1655.2037300016154,0.8383230467864232
다사646497,광나루,345.0157094795766,0.2603316766792442
다사619472,건대입구,1850.6384332217272,0.0
다사635484,구의,324.94223427162086,1.5306509234895378
다사639495,아차산,850.5021983111898,2.130211280127701
다사659508,광나루,1567.3856243430196,0.015191099883692716
다사657507,광나루,1367.9210569496724,0.019542492434874506
다사644515,중곡,1216.6698742768958,0.2217181061176691
다사657506,광나루,1286.6382563022726,0.030356394044966484
다사623474,구의,1591.499937192619,0.9316259679682286
다사652507,광나루,1160.0667603043378,0.03750145911050712
다사656501,광나루,856.1604357846755,0.1655414301060047
다사653508,광나루,1283.3007272649977,0.02352536095308784
다사656505,광나루,1146.6590026235976,0.03933086738983664
다사646507,아차산,973.1242901870836,0.2720318601199356
다사627524,중곡,757.7763004498727,0.5331438810127008
다사636476,강변,1012.2132936234913,0.40167759997167973
다사644511,아차산,1044.282409142334,0.4018789339117122
다사626498,어린이대공원,237.1368188607995,0.5150930737993267
다사621473,건대입구,1762.345852960276,0.6293567902273599
다사641480,강변,457.19838814782076,0.2574515369287617
다사646526,중곡,1545.8514780237906,0.0
다사615477,건대입구,1405.8454182620735,0.17015600651900406
다사644496,광나루,522.0228516559613,0.6626945995320396
다사623515,군자,787.1282397845262,0.10128572663700522
다사635478,구의,874.0821346789288,0.8023352105842975
다사637515,중곡,589.5276912676097,0.6468921195771016
다사636475,강변,1098.3017140753416,0.1071379635994455
다사625494,어린이대공원,498.7288080414432,0.3511603631477198
다사644497,광나루,536.066772477514,0.4181800679921631
다사623517,군자,949.134298409361,0.09756487573180027
다사636503,아차산,103.49282322059094,0.601951303662733
다사643525,중곡,1236.0112893155997,0.04479701130148675
다사658509,광나루,1589.9286828415627,0.014239381835928456
다사648522,중곡,1594.7487334987782,0.0
다사637487,구의,414.5108806635123,2.926543531551868
다사644525,중곡,1322.616455651978,0.03963910838656408
다사633501,아차산,459.0492263280108,0.5070730291414176
다사628501,어린이대공원,474.9649526411318,0.6162636780788131
다사636477,강변,928.9645330054353,0.4538965902405668
다사657505,광나루,1208.2044737680283,0.03630090972411583
다사631475,구의,1164.0788282204624,0.9634641070872436
다사640480,강변,476.57657755485957,0.3149695610045536
다사628492,구의,738.5148340263734,0.7073974118433768
다사642500,아차산,595.4250050727742,0.39761283044994455
다사656497,광나루,687.4854464398736,0.04652352043167857
다사636485,구의,343.97337788111935,1.8735893810047437
다사642519,중곡,961.0236292041418,0.15805599067589815
다사641520,중곡,871.0212439018342,0.47051782209845155
다사647508,아차산,1105.2077107601026,0.23730863247154776
다사647487,강변,609.9789730226929,0.44532486375964314
다사645514,아차산,1340.6371640341047,0.17833351964949254
다사625493,건대입구,483.1138776542199,0.4196812442983821
다사647500,광나루,479.45581150208784,0.1668759921755984
다사629473,구의,1403.8047164610055,0.8596996772971445
다사631500,아차산,682.2310494030224,0.4587992364824966
다사649490,광나루,577.7503179264294,0.0998691456748
다사616478,건대입구,1283.453062957624,0.19587303490592112
다사650524,중곡,1838.4461831288772,0.0
다사648516,중곡,1581.8751308702942,0.06056545273145131
다사626490,건대입구,547.5178639026232,0.690153650585208
다사608479,건대입구,1585.5974136144023,0.09112037692264668
다사643491,강변,666.320810584538,1.277001255168647
다사648503,광나루,735.8370447171155,0.1610942530342112
다사653493,광나루,467.39899974826346,0.03334940173634576
다사649504,광나루,826.1429124864474,0.058645433502231274
다사643519,중곡,1060.7693136400692,0.1472881107497631
다사619476,건대입구,1449.7398237973837,0.4155378120555477
다사613487,건대입구,687.6824750108285,0.6599363120732695
다사639515,중곡,756.0284220592625,0.5861946899089511
다사646516,중곡,1385.5375631167533,0.11173514572632726
다사653496,광나루,377.5174602601788,0.04896437279943833
다사627491,건대입구,638.3877968034687,0.695918422111383
다사618472,건대입구,1853.0481191255305,0.0
다사651504,광나루,844.6302331944719,0.05970047075269857
다사656504,광나루,1067.3507834155785,0.05110757668574704
다사634478,구의,855.4486601574407,0.8783050643604432
다사646524,중곡,1461.1463996254224,0.0
다사642518,중곡,962.7044596032465,0.17039778389620197
다사634502,아차산,325.13520153512275,0.5281784666622931
다사637519,중곡,462.660515937079,0.9175213015075118
다사648490,광나루,590.1210639979778,0.12110841186375937
다사632472,구의,1452.1688260919411,0.6114052082394248
다사622478,건대입구,1285.8822575929407,1.2861963688725773
다사645526,중곡,1458.843318865479,0.009506346258261952
다사646512,아차산,1254.8996880509933,0.17431666783541103
다사652508,광나루,1257.6213144693238,0.03402860786230096
다사647510,아차산,1205.2039081507783,0.14215740532457663
다사619475,건대입구,1549.964352936968,0.3926241937515973
다사654493,광나루,551.0186539742335,0.03207938739026088
다사628476,구의,1156.2781943445445,1.9393706592471571
다사632473,구의,1352.1414320706638,0.6736510543080563
다사643508,아차산,764.5121273456766,0.44650730261144855
다사647525,중곡,1591.7320828013505,0.0
다사657503,광나루,1062.3880519968475,0.05767316454721932
다사646496,광나루,322.76099161082743,0.26451956443684105
다사634486,구의,120.82427273511803,2.2395403929184283
다사623516,군자,866.1226439217374,0.10007178309882392
다사637516,중곡,532.9501912690757,0.9087264525211831
다사646505,아차산,914.5928819180161,0.2709550929374702
다사612475,건대입구,1697.9948127252273,0.0
다사630500,어린이대공원,632.6018808853827,0.4805334227620408
다사654510,광나루,1504.6651053117832,0.013196994529463985
다사646517,중곡,1369.78237992449,0.10205929769817353
다사638478,강변,738.7997840478594,0.19057130768150168
다사616475,건대입구,1577.6310607847524,0.0
다사639496,아차산,753.4244601471471,1.3825433224498347
다사634479,구의,756.1927569633469,1.0712395145355056
다사655508,광나루,1355.40490432023,0.01731625455775147
다사649503,광나루,725.9600786012444,0.06306426842740927
다사623493,건대입구,313.1654867315233,0.5124525718817242
다사624516,군자,811.6481959639241,0.11347627797898951
다사643518,중곡,1062.2919941146124,0.15903017144923415
다사623491,건대입구,239.18318146148405,0.5960515894053593
다사647504,광나루,855.1653966258037,0.17802121877212665
다사645520,중곡,1266.9582676126279,0.09153786048146556
다사611482,건대입구,1161.4210421268301,0.22389061690119752
다사620472,건대입구,1853.6069810979254,0.28907862149797586
다사633484,구의,247.07348202524136,1.795982425312305
다사628493,어린이대공원,720.1879758438901,0.5847010781419996
다사657502,광나루,996.6236331778045,0.07341759857343527
다사652495,광나루,287.2338584467928,0.04486570504948136
다사656510,광나루,1579.2794602678869,0.013302655498134766
다사648509,아차산,1239.3585910689437,0.10383386851310741
다사627476,구의,1201.7488807137051,2.2877273472988455
다사630475,구의,1184.2881691890375,1.1053076806833353
다사639482,강변,350.36591612010557,2.7701081212687595
다사656509,광나루,1489.323396119105,0.015019772600041382
다사642498,아차산,724.7806311318296,0.45054082390038674
다사628499,어린이대공원,422.28088165818235,0.47619228525769935
다사647524,중곡,1554.445646457851,0.0
다사641495,광나루,824.4073529566097,1.3544581387238295
다사638476,강변,921.3757401678586,0.13139538565647602
다사646518,중곡,1361.243248489693,0.0698284164370767
다사626474,구의,1425.452800240452,1.1228085849840075
다사635485,구의,257.2244509124995,1.8317523930650141
다사646503,광나루,793.7854139595703,0.18676978589423177
다사633473,구의,1349.321316506358,0.6153484752505162
다사613482,건대입구,1035.419101242401,0.5442331061786968
다사622490,건대입구,170.68144002088522,0.6522031297850006
다사619504,어린이대공원,704.2711053736468,0.1958304728207234
다사642482,강변,261.6792508462468,0.8531150189305272
다사625474,구의,1476.1369155709517,1.1242131330315013
다사651491,광나루,508.90798435030973,0.08142492956587313
다사646525,중곡,1500.7524251824177,0.0
다사615480,건대입구,1120.3892815813865,0.28397930208324385
다사653503,광나루,817.6033829113915,0.06512700816051425
다사609482,건대입구,1305.9052273029042,0.1608352006665948
다사630498,어린이대공원,626.9702144326736,0.3784374865486144
다사655496,광나루,576.8570894010925,0.04340737070515607
다사650510,광나루,1429.2850100700514,0.012119040920383259
다사619479,건대입구,1149.0669740009582,0.9825138705599392
다사653505,광나루,999.7796206448788,0.037322807976340175
다사645519,중곡,1260.2875101665645,0.08728041749635784
다사616477,건대입구,1381.2014969546449,0.17447636752133744
다사609476,건대입구,1757.1011047339643,0.0
다사622492,건대입구,172.6687844940213,0.5339829230625158
다사651507,광나루,1140.3627483100731,0.03768294680383147
다사644517,중곡,1171.9093953290328,0.15180406916161107
다사641514,중곡,979.2307596772524,0.5599390113316577
다사650490,광나루,582.4680231829577,0.08511405360109575
다사620475,건대입구,1553.5082714167868,0.7332042531560612
다사621478,건대입구,1265.9583731042624,1.101472392377994
다사627474,구의,1380.1348239454103,1.1372722086811606
다사628475,구의,1247.8859244489336,1.4095238802963879
다사647485,강변,559.9514480990097,0.18336493254046415
다사623504,어린이대공원,524.4892482670413,0.570353542206709
다사643523,중곡,1145.9494174210483,0.04901252802835515
다사649489,광나루,677.9109632253416,0.09904278721152127
다사644522,중곡,1207.3364241321071,0.042986033332911754
다사618474,건대입구,1652.8904618374097,0.0
다사617481,건대입구,968.3158351857402,0.5263499901021033
다사623489,건대입구,310.97406096411083,0.607961095263447
다사643482,강변,300.3741099122304,0.6013392144213475
다사628497,어린이대공원,459.794238547529,0.44370554117462513
다사624477,구의,1298.1666372984541,1.8561314912162956
다사647513,아차산,1396.3309360268265,0.12654200905201154
다사620477,건대입구,1353.5847832146715,0.9173348317418007
다사655494,광나루,602.743236302391,0.03413456165452301
다사640481,강변,381.95345809339057,1.007441747066383
다사646498,광나루,392.4119636318276,0.31724895004562464
다사651505,광나루,942.8604495391265,0.05387322643359593
다사624500,어린이대공원,120.06201529475263,0.6387544682292344
다사613476,건대입구,1566.5535063090363,0.0893770889047436
다사614474,건대입구,1722.4834269659095,0.0
다사644516,중곡,1190.2871973809354,0.1818890260816183
다사653491,광나루,607.8988015047079,0.01602375626419092
다사618477,건대입구,1352.816620668826,0.4798662107474937
다사648489,광나루,688.4848720921325,0.12064333449608158
다사645503,아차산,798.2113735059137,0.2544943123742931
다사634518,중곡,175.03720662835343,0.9672881752221678
다사650504,광나루,829.4550535988925,0.058683513344729425
다사638523,중곡,709.9783305574601,0.7330442405363626
다사609481,건대입구,1373.1347579492283,0.14834421184947819
다사629472,구의,1500.3925200980348,0.7407761321087625
다사607477,건대입구,1800.8397697152093,0.0
다사647491,광나루,526.2435280126177,0.570688971055617
다사645511,아차산,1113.471494462364,0.3405139483581487
다사644524,중곡,1277.5001712626154,0.04134314615213239
다사646488,강변,574.4885238196064,0.5630198404742237
다사627475,구의,1290.1322153017613,1.5652831373852536
다사626471,구의,1695.1260805836605,0.6719060483240414
다사625501,어린이대공원,250.17130357947374,0.5966858675951444
다사644508,아차산,844.8956596797528,0.39370749750582934
다사643522,중곡,1111.7882114551678,0.04974231388051724
다사645486,강변,387.0593686020011,0.6464714748944025
다사641518,중곡,863.1665029065522,0.18668318513050866
다사628472,구의,1529.2092117785037,0.7689634099005263
다사644514,중곡,1250.5508995074179,0.2523732276881079
다사651490,광나루,603.8738111438391,0.07419427492861579
다사625471,구의,1737.9640868589163,0.6564048143161308
다사642495,광나루,725.0908805160105,0.9160658753604886
다사646519,중곡,1360.0560904630906,0.056863885451847035
다사621479,건대입구,1167.1669709800797,1.2385319242344865
다사616473,건대입구,1774.9599351898828,0.0
다사648515,중곡,1601.8202451573911,0.06407896244801556
다사640518,중곡,763.6975063307641,0.6035975475925
다사612481,건대입구,1175.0079085554764,0.22182484553489076
다사623512,군자,590.184492084543,0.3250001576942055
다사627472,구의,1563.8749578264542,0.7815180636896184
다사639477,강변,793.3442061112557,0.15680669756006316
다사621488,건대입구,301.58420907867776,0.8283563414246935
다사611479,건대입구,1396.2436597090407,0.12080356105420359
다사618480,건대입구,1053.0861550244665,0.750616947332922
다사629503,군자,601.7335851467993,0.8520693153594139
다사630476,구의,1087.336160895661,1.295533520871074
다사627471,구의,1657.1984354031856,0.6759099704966117
다사643496,광나루,621.736203506742,0.8230076474980241
다사615479,건대입구,1214.7256367355833,0.21811346650562735
다사615495,건대입구,601.4917523358741,0.3775250354651525
다사630472,구의,1477.7670967002932,0.7018652021834864
다사622473,구의,1732.086711593415,0.6909367334343579
다사647512,아차산,1328.122313598942,0.14967619848051128
다사613477,건대입구,1474.2902038989118,0.10146044667605425
다사641516,중곡,900.9964918162625,0.3780685586341153
다사645515,중곡,1312.1698672647935,0.16197409131937962
다사610484,건대입구,1103.2832653077412,0.27009271684528596
다사647522,중곡,1497.3147726319962,0.0
다사622489,건대입구,242.74697800215856,0.6746787394613571
다사646510,아차산,1124.0027817804646,0.3010369486558495
다사659506,광나루,1416.0031028179478,0.01945999480387172
다사650507,광나루,1129.1680449523176,0.03814891169800633
다사614493,건대입구,555.2875642748311,0.4710275742446197
다사637476,강변,962.7014115905248,0.12764111320719848
다사649526,중곡,1814.7951164219178,0.0
다사623492,건대입구,259.9914907991209,0.5287690369824934
다사623478,구의,1300.7987643931158,1.5779313608611079
다사627497,어린이대공원,370.34782555680084,0.4410568829871445
다사650509,광나루,1329.2180249722637,0.013120459427019008
다사642499,아차산,655.647693691784,0.39872137045838485
다사645498,광나루,477.6942646931958,0.3288945135525745
다사631498,어린이대공원,726.0223216119583,0.3185274588761242
다사641496,광나루,821.2276645681811,1.0541644363344185
다사656502,광나루,921.0480972167725,0.13031038456140118
다사642481,강변,360.0293794796531,0.5859334326769606
다사648521,중곡,1576.763409941442,0.0
다사622472,구의,1811.253602624891,0.6239952817120686
다사651492,광나루,416.4147987830447,0.08154282941939327
다사643495,광나루,625.9289443069174,0.7816034269924765
다사611477,건대입구,1565.3579399599146,0.09379884610998646
다사639481,강변,428.8398054985991,1.3466319871812507
다사635476,강변,1068.7742890672794,0.7365098027941777
다사644521,중곡,1183.4793678535832,0.042699544301954245
다사647511,아차산,1264.1865642541868,0.1435391139060209
다사644484,강변,264.3434260029089,0.6221883831700071
다사624473,구의,1614.4315201288282,0.8227033677065348
다사626476,구의,1253.5319843038812,2.253282749792396
다사627499,어린이대공원,322.5932553710857,0.5030641015070229
다사624471,구의,1785.3590292163303,0.6315506355026833
다사641485,강변,61.25460804779257,1.3831629055549315
다사633474,구의,1249.100139493418,0.6671769362290111
다사631501,아차산,640.4516010019184,0.5107869686192607
다사611483,건대입구,1090.357710693922,0.3932950604067766
다사627500,어린이대공원,343.010086235321,0.5427154189205677
다사612478,건대입구,1428.8139214614064,0.11236750144766111
다사638517,중곡,585.3869829740772,0.8520019350772714
다사643515,중곡,1121.9190542409995,0.2751706027776268
다사657508,광나루,1451.574347947523,0.016809395193470227
다사618475,건대입구,1552.8399735716332,0.35511888707075867
다사646513,아차산,1326.8774263016107,0.169731145350744
다사622475,건대입구,1579.6036547024737,0.9297743328299662
다사640524,중곡,930.1470827987496,0.4835226367025192
다사616474,건대입구,1676.2028996446018,0.0
다사645502,광나루,754.2514224716696,0.21215874077906888
다사653490,광나루,689.358980814252,0.027120721650681384
다사617480,건대입구,1066.691192410784,0.470629017585712
다사623475,구의,1514.1129601964376,1.062681213954016
다사621490,건대입구,106.17688281759955,0.7985276563105372
다사645524,중곡,1368.764872469345,0.02885164256868493
다사615474,건대입구,1696.5677696774526,0.0
다사642483,강변,165.59322771687792,0.9179751067842578
다사646495,광나루,330.76216860264054,0.24511952244630342
다사650525,중곡,1870.079209735731,0.0
다사625476,구의,1310.8796464052327,1.9247980849551916
다사620487,건대입구,362.796084470461,0.8809944420984472
다사638518,중곡,565.1120259748789,0.8392989758228198
다사619474,건대입구,1650.188972336597,0.36861516298603225
다사630473,구의,1379.5964232735375,0.8005169104220098
다사656496,광나루,676.5855189074942,0.040567648142537126
다사624493,건대입구,394.68387869836795,0.5057899982135833
다사646484,강변,461.5002718464338,0.5094816855401952
다사647497,광나루,254.4630078336199,0.2961947155577946
다사620478,건대입구,1253.6861523850077,1.0488906367387991
다사647503,광나루,758.8249077765244,0.17643842365289703
다사626499,어린이대공원,223.00804185233193,0.5396692876444092
다사638477,강변,829.0561277674519,0.15559501086102218
다사645504,아차산,801.3494328956205,0.27285312161143765
다사650505,광나루,929.2903517100306,0.05374722837115708
다사640478,강변,670.7231171983946,0.18542447455939706
다사625472,구의,1649.2167584690567,0.752325290909162
다사621474,건대입구,1662.840947464411,0.7559249747664334
다사640495,아차산,879.2216100613896,2.242671736113906
다사634476,구의,1054.5107584191455,0.8058719042618354
다사623473,구의,1671.3157345161144,0.7569345442238937
다사653509,광나루,1379.4230679892448,0.014448346339646728
다사629495,어린이대공원,647.3277682287427,0.38965069500932975
다사639516,중곡,712.7926995559712,0.5188266061425003
다사642523,중곡,1054.2922089941883,0.05778239668465243
다사646520,중곡,1366.2400675080053,0.0
다사637523,중곡,634.0392677690554,0.9661232309640783
다사653507,광나루,1187.8567046183648,0.026920434413030176
다사639478,강변,698.4889496972555,0.1928103236096761
다사625517,중곡,754.8115594300157,0.13200707813213433
다사616497,건대입구,718.0003429409195,0.3366468566034735
다사628498,어린이대공원,429.9080338213328,0.4399133202919667
다사626472,구의,1604.0105734970623,0.7756846037465577
다사644499,광나루,614.2942296932963,0.34675541032854207
다사629475,구의,1212.401909516631,1.2620487679494492
다사639521,중곡,701.352437635569,0.580779617339136
다사624484,건대입구,777.6363307061957,2.673889990628844
다사622471,구의,1892.417793895158,0.30709504720013336
다사643484,강변,167.94769139027977,0.8717430627540703
다사620476,건대입구,1453.5283815031448,0.7792035228777959
다사647507,아차산,1065.881295032659,0.2466890193663067
다사647509,아차산,1151.9354417857144,0.23463943777178953
다사621475,건대입구,1563.4280767091323,0.8215715778187471
다사657511,광나루,1713.239191913014,0.0
다사623503,어린이대공원,425.60836350095553,0.5553904694627548
다사642484,강변,80.35175849622236,1.1527165647088515
다사633485,구의,147.04009231257467,1.9899688506310416
다사643499,광나루,701.001603391736,0.37515453642201757
다사647506,아차산,1034.8003791968813,0.2321355449134015
다사646521,중곡,1379.6960646864666,0.0
다사627494,어린이대공원,580.9213530493918,0.20788605869148516
다사621476,건대입구,1464.125984899397,0.8854182726079028
다사644483,강변,301.397932565375,0.5813868936411621
다사646486,강변,480.9671725746884,0.5738172662436393
다사656498,광나루,712.4567764886972,0.055018322712540896
다사642517,중곡,974.7426863058719,0.20911185191703707
다사652503,광나루,776.6785092640989,0.06998517024728199
다사625475,구의,1392.3532967421074,1.3907935375429377
다사614475,건대입구,1626.7179367766605,0.0
다사635474,강변,1235.2133469015598,0.2800172608389585
다사629502,어린이대공원,611.1791392328855,0.6457544015420188
다사638519,중곡,562.241268593493,0.838212678523065
다사646527,중곡,1595.977958230155,0.0
다사645517,중곡,1270.7781949057442,0.11279834772992048
다사641524,중곡,1013.4103263918266,0.42051645330181825
다사652504,광나루,871.0486505365434,0.06156454578970249
다사634475,구의,1154.2220596759573,0.7358556995406464
다사615478,건대입구,1309.9369331101936,0.19116549142798067
다사657509,광나루,1537.2111767979466,0.014730450459285602
다사626502,어린이대공원,388.28973493269916,0.6865826091967762
다사612482,건대입구,1095.6894337969811,0.3587613477835952
다사645483,강변,390.42543293354737,0.5273572118088923
다사636474,강변,1186.6119091155401,0.09559605555317008
다사631472,구의,1461.6204883594212,0.6573672199071577
다사650506,광나루,1029.2013846287516,0.04153190380727863
다사622477,건대입구,1383.4574399885526,1.212967749512202
다사646515,중곡,1408.2666303487993,0.121540012818793
다사657504,광나루,1133.2114413660404,0.04492229968015881
다사614476,건대입구,1531.523273212654,0.09040508687810932
다사613474,건대입구,1753.7038040460877,0.0
다사655507,광나루,1265.410530515291,0.027700485421174783
다사655497,광나루,589.602985703461,0.05010067104602328
다사622513,군자,727.9864971968622,0.07887881943737225
다사644523,중곡,1238.8660145174993,0.04250984269987721
다사624490,건대입구,353.0044461602884,0.5832215426421309
다사634485,구의,184.20673515124633,2.021928209187571
다사640483,강변,209.01077295603892,1.5373923644514185
다사647519,중곡,1459.8292664060666,0.052928152496800475
다사638516,중곡,621.3647939278416,0.8651741806611617
다사649521,중곡,1675.5223364296526,0.0
다사658510,광나루,1674.4891991987092,0.0
다사633518,중곡,90.89491660746293,0.9739078319965473
다사649524,중곡,1743.206541489638,0.0
다사642522,중곡,1017.0573954202611,0.05897906192747863
다사640513,중곡,949.0827346897124,0.895712828385047
다사656499,광나루,750.0954693037481,0.06911869929174894
다사648523,중곡,1618.7507949491314,0.0
다사632502,아차산,515.0938080380879,0.612650965758986
다사649487,강변,796.6867403046344,0.0822772213986893
다사629498,어린이대공원,528.2005492876297,0.463896841847546
다사654494,광나루,508.1515115518702,0.03585406381933966
다사651489,광나루,700.3070923653131,0.07335302620291687
다사653492,광나루,532.8754977682438,0.01780039209666928
다사651508,광나루,1239.4688189841695,0.03441669540408896
다사628503,어린이대공원,594.3251279253137,0.8735743008025403
다사644485,강변,262.68683939153544,0.6680814079271187
다사648514,아차산,1537.764393015337,0.06690293689230857
다사625491,건대입구,438.78461488045883,0.4726269461526096
다사647496,광나루,223.35961422697295,0.24274974567911256
다사612477,건대입구,1517.2271070590225,0.09825135084343983
다사616480,건대입구,1089.307424910375,0.37188930404244974
다사646487,강변,520.2289465397341,0.6129234417789101
다사646523,중곡,1427.4906933745094,0.0
다사620474,건대입구,1653.5178726416286,0.405889266607895
다사647527,중곡,1681.8145737140326,0.0
다사647488,강변,656.8667852888184,0.46900749603722885
다사637481,강변,565.4173687485178,1.1841949324299472
다사652491,광나루,551.6372307409346,0.07313823786877222
다사620479,건대입구,1153.8441647865732,1.0957976124786653
다사643511,아차산,980.3844543763994,0.4948801037277016
다사643524,중곡,1187.6097972094879,0.047270043613734304
다사654496,광나루,477.15957435539843,0.04614119976597062
다사613480,건대입구,1205.1546802570463,0.19856087833142408
다사628495,어린이대공원,569.9654168314553,0.22903227575657237
다사659509,광나루,1647.012212024074,0.01360474626427068
다사629499,어린이대공원,522.0122565221781,0.49905189358237856
다사647505,광나루,952.3080042855003,0.18267966534624902
다사650502,광나루,630.1556638315524,0.07224823082885738
다사649508,광나루,1226.9429506045242,0.07620527198635578
다사627493,어린이대공원,666.6486914764685,0.3722012714562002
다사635502,아차산,236.1988866453766,0.6202705563073203
다사636486,구의,314.6196833196008,2.397824204762383
다사625520,중곡,748.3329129604568,0.4560490214315898
다사656511,광나루,1670.4050627740564,0.0
다사611486,건대입구,910.6942019023437,0.43962729467444683
다사637482,강변,508.4761831659006,1.4204342735910045
다사652492,광나루,467.6732636567939,0.0736210500476429
다사648511,아차산,1344.330153204927,0.10668568618816482
다사650503,광나루,729.726581553627,0.06449551211106237
다사634474,구의,1254.0153260155753,0.6018038189898083
다사622512,군자,677.9655950401367,0.06467336650201493
다사646522,중곡,1400.2144430496849,0.0
다사618502,어린이대공원,658.2036024363096,0.20713013720107942
다사643485,강변,165.3258387961961,0.9331068271034986
다사631473,구의,1362.2870033246004,0.7364660768328644
다사648517,중곡,1568.0943077365596,0.05673752720732183
다사647523,중곡,1522.8530569369136,0.0
다사648487,강변,702.4468290283111,0.09775750170029099
다사608477,건대입구,1736.3677492874463,0.0
다사645510,아차산,1046.0253377959148,0.34303000085960955
다사658503,광나루,1137.329835055307,0.044647158162789385
다사645521,중곡,1281.4569246250426,0.037634569498297604
다사641483,강변,159.97754498162567,1.2479389724846695
다사625499,어린이대공원,123.77266473199656,0.6075699402277339
다사626521,중곡,678.1941810067227,0.5200792612634729
다사633498,아차산,660.8893996148877,0.3896913017046383
다사627492,건대입구,646.4742816960227,0.479241925254434
다사623472,구의,1753.2286697733741,0.6711663788388242
다사629476,구의,1117.890474241288,1.5645466071016996
다사658506,광나루,1349.1815639343713,0.021467805855448593
다사655498,광나루,618.5381175180997,0.05950789220444805
다사611481,건대입구,1236.5305768803917,0.19354073835489163
다사629474,구의,1307.7644705035432,1.0185327320929891
다사631499,어린이대공원,721.5336987702899,0.39810591401966405
다사627490,건대입구,645.9404336279689,0.6663374077922256
다사629501,어린이대공원,565.4810917831625,0.5403785801914165
다사629494,어린이대공원,711.2612216739528,0.5821064930401679
다사622476,건대입구,1481.3865105726913,1.1189976334896592
다사639519,중곡,661.8886996408253,0.670422004299521
다사611475,건대입구,1741.1362123896067,0.0
다사642496,광나루,721.4741263347977,0.9182198683479531
다사649525,중곡,1776.5360178882954,0.0
다사632497,아차산,801.29461840919,0.2824680949659538
다사632499,아차산,656.5837680759746,0.42639757358359676
다사620489,건대입구,180.5224637451319,0.9502060871246125
다사628500,어린이대공원,438.076944138193,0.5235192780306174
다사650491,광나루,483.3136190746948,0.09177437138062237
다사641515,중곡,935.5740392301792,0.4357108774808618
다사626475,구의,1338.5006321574492,1.5436449004917883
다사646506,아차산,938.978428354557,0.28459866297182373
다사632498,아차산,725.6325569055492,0.41311071887170026
다사637518,중곡,466.1457311982815,0.8998846640514148
다사645496,광나루,422.35148028344275,0.3138650980711904
다사648525,중곡,1683.7117178367032,0.0
다사658505,광나루,1274.60199103179,0.03248189169858021
다사653510,광나루,1476.0912143878945,0.0
다사652496,광나루,277.9903177480398,0.052005671159862626
다사654505,광나루,1041.5025170490946,0.03960796818262974
다사641482,강변,258.16361769190144,0.9953142696413411
다사615476,건대입구,1502.3175748633114,0.09011536377118293
다사650508,광나루,1229.1767567813267,0.03497258471439638
다사609477,건대입구,1675.3635184996497,0.08314539724412934
다사629492,구의,676.8427421376041,0.7035796296674687
다사643497,광나루,633.5731224444668,0.45913582345534665
다사648506,광나루,1033.5407041405317,0.15046919180730278
다사649523,중곡,1715.0941064917515,0.0
다사644482,강변,363.17239082874005,0.5423128373963094
다사654504,광나루,953.4881966315148,0.050373912700997996
다사651503,광나루,746.9301880382283,0.0667383784479873
다사644519,중곡,1160.524708558485,0.11248592558298894
다사653506,광나루,1093.2686733148441,0.031362195785491376
다사659507,광나루,1490.2470307088092,0.01711812390898208
다사645512,아차산,1185.56253682902,0.2448008373417359
다사610482,건대입구,1231.7399136149156,0.1877887831175422
다사628474,구의,1340.727242448514,1.0968180795611173
다사648518,중곡,1560.641077716938,0.05287989203036983
다사626501,어린이대공원,311.4484221380293,0.5998377028804355
다사625519,중곡,736.9927626458039,0.44718976283673073
다사644500,광나루,672.6718898276303,0.3140054385121606
다사630499,어린이대공원,621.7663328343891,0.4125768364535951
다사609480,건대입구,1444.195208517275,0.1101487248729858
다사614481,건대입구,1069.4286699312981,0.42793040462146803
다사613488,건대입구,642.9155330173115,0.7527822372613928
다사610479,건대입구,1455.2604853398182,0.11029025504506902
다사641519,중곡,861.2910259503611,0.17559135694352007
다사650523,중곡,1811.8119140796773,0.0
다사646500,광나루,533.066706077239,0.27144499569256725
다사610481,건대입구,1302.8019914429372,0.1688075047863491
다사628490,구의,602.5687523438074,0.6805894013153001
다사655509,광나루,1446.7450155502697,0.015067992590796095
다사633502,아차산,418.99499608169265,0.5799492612298554
다사624474,구의,1531.6545466065722,1.0312852218564335
다사645525,중곡,1410.9661932552642,0.027912042516445242
다사641497,아차산,742.5026003241984,0.9067888579261268
다사631496,어린이대공원,774.8378233566212,0.42246188054267536
다사643498,광나루,660.5785481646429,0.4197107779960549
다사647516,중곡,1483.5973674328898,0.06803542830598104
다사621477,건대입구,1364.9588467039205,1.0448666514474494
다사654507,광나루,1223.1815849747104,0.027588840622317614
다사640497,아차산,694.0540731737095,0.9537472431095678
다사658504,광나루,1203.7523220674839,0.03809645152979319
다사611478,건대입구,1479.8229066267622,0.10584129970116614
다사627501,어린이대공원,389.01858508244,0.6227580755780526
다사645508,아차산,929.053020616913,0.34703466640506514
다사654506,광나루,1131.5499601563872,0.032543045574003976
다사649522,중곡,1692.4587071984072,0.0
다사656500,광나루,798.6124804674712,0.0990417402074796
다사646504,광나루,886.3335507141024,0.21605613102184487
다사612480,건대입구,1257.3153847674453,0.1842651780406961
다사627523,중곡,690.6662985672822,0.5412850111686371
다사648510,아차산,1289.019640166333,0.10572353137086976
다사610483,건대입구,1164.9736174706306,0.20486524962380204
다사623471,구의,1836.9582225863367,0.3265550026301514
다사627498,어린이대공원,332.5160691077667,0.47090012271390125
다사649510,아차산,1374.9719182913748,0.07124840269033422
다사649506,광나루,1026.5332234586474,0.04248013475864315
다사628473,구의,1434.5626673503214,0.904977238985833
다사639480,강변,514.9185341164558,0.8470014906416362
다사656506,광나루,1229.0264897821564,0.032099419451961465
다사624515,군자,726.756109687743,0.11516649687187222
다사640517,중곡,778.8188159197402,0.35952322526398506
다사626492,건대입구,548.1462004019802,0.39251750457267526
다사654508,광나루,1316.0665318549118,0.017014867378368277
다사637522,중곡,569.9852118023022,1.0383266182528155
다사647515,중곡,1504.8458435564573,0.1061160280556006
다사631503,아차산,599.9387773618253,0.6721471077874013
다사648501,광나루,539.2028355772218,0.16184048709160362
다사626494,어린이대공원,532.1085977933577,0.23344426125233442
다사647521,중곡,1478.144635333871,0.0
다사614479,건대입구,1250.6644319368554,0.2110834723679258
다사633475,구의,1148.879698060229,0.7445287689635333
다사617478,건대입구,1264.3139156289944,0.199907810985231
다사637477,강변,874.7537307689452,0.1494655818249116
다사648505,광나루,934.0947043883543,0.15619281129518767
다사639479,강변,605.3666974611637,0.2502028600278394
다사644518,중곡,1161.916360835856,0.13818776375491407
다사646489,강변,639.9422891318214,0.6980260803336433
다사658511,광나루,1760.6944561975815,0.0
다사642480,강변,459.19113404273486,0.22790660727995854
다사656508,광나루,1400.7622127870652,0.01724319530665968
다사645500,광나루,598.6345409218987,0.29104633689640885
다사644498,광나루,567.730072561222,0.3872362807441964
다사646509,아차산,1066.6872904672884,0.2970977026999124
다사625518,중곡,739.1917498126447,0.12515399272304106
다사642521,중곡,988.619926782955,0.11963221094106904
다사632496,어린이대공원,868.510146807572,0.5902540794390091
다사644503,아차산,698.4655715137502,0.29930541835786467
다사627522,중곡,632.380300486466,0.5347667965739146
다사626500,어린이대공원,251.63731718892458,0.5631427275989069
다사648512,아차산,1404.622900381053,0.1063089646131431
다사612476,건대입구,1607.0274251805113,0.08716003405359014
다사649502,광나루,625.7907292411114,0.06844470290598184
다사632501,아차산,548.1712920638181,0.5262362581945166
다사631474,구의,1263.0944427381726,0.8298402869982167
다사654509,광나루,1409.9571207842725,0.014868163904523292
다사638522,중곡,653.4109268567526,0.7591993213888909
다사628471,구의,1624.5251147245872,0.6679404037067411
다사643500,아차산,681.1564322058782,0.37535377391623437
다사609478,건대입구,1595.7354789857088,0.09118879233382166
다사622485,건대입구,615.6320889542222,1.5083790382750193
다사608478,건대입구,1659.6689364237172,0.08416058776571907
다사625490,건대입구,449.7038042011017,0.5805284402993537
다사610477,건대입구,1618.2193167230264,0.0886149727093792
다사636487,구의,315.8220371887055,3.3661410892801684
다사644526,중곡,1373.576279735144,0.02964692394729006
다사624501,어린이대공원,219.29919865453243,0.5906059829820572
다사613479,건대입구,1293.3234599829277,0.13866600339638555
다사630474,구의,1281.7438327194798,0.9243034648473145
